ticker,buy,sell,profit
YOYOBTC,2018-02-03 23:02:59.524000+00:00,2018-02-04 09:32:02.028000+00:00,-0.00557149508535959
YOYOBTC,2018-02-04 15:05:22.532000+00:00,2018-02-04 18:57:57.678000+00:00,-0.013422741342209
YOYOBTC,2018-02-21 09:16:03.968000+00:00,2018-02-21 14:59:58.618000+00:00,-0.017789473344050233
YOYOBTC,2018-02-24 09:28:32.782000+00:00,2018-02-24 15:05:23.338000+00:00,-0.023994361633305372
YOYOBTC,2018-03-01 23:05:27.774000+00:00,2018-03-02 03:35:27.424000+00:00,-0.03230117550255962
YOYOBTC,2018-03-02 06:41:25.938000+00:00,2018-03-02 15:46:27.304000+00:00,-0.04006743255549816
YOYOBTC,2018-03-03 03:01:10.426000+00:00,2018-03-03 17:07:35.866000+00:00,-0.046962415775777755
YOYOBTC,2018-03-03 23:31:23.054000+00:00,2018-03-04 05:37:40.004000+00:00,-0.04698978467803028
YOYOBTC,2018-03-04 06:50:34.990000+00:00,2018-03-04 11:47:11+00:00,-0.044973059834315765
YOYOBTC,2018-03-05 01:43:24.304000+00:00,2018-03-05 09:41:41.830000+00:00,-0.05335473396685603
YOYOBTC,2018-03-05 14:36:53.820000+00:00,2018-03-06 07:06:03.190000+00:00,-0.05866047670974084
YOYOBTC,2018-03-06 10:21:27.832000+00:00,2018-03-06 13:59:26.778000+00:00,-0.06809033510117174
YOYOBTC,2018-03-07 04:43:04.720000+00:00,2018-03-07 09:51:42.894000+00:00,-0.07561117439820891
YOYOBTC,2018-03-07 12:18:41.042000+00:00,2018-03-07 14:22:34.554000+00:00,-0.08357600093114159
YOYOBTC,2018-03-08 15:57:27.302000+00:00,2018-03-08 22:53:22.924000+00:00,-0.08593048071796133
YOYOBTC,2018-03-09 01:44:33.238000+00:00,2018-03-09 03:30:54.676000+00:00,-0.08771329890193669
YOYOBTC,2018-03-10 06:06:16.240000+00:00,2018-03-10 14:16:18.862000+00:00,-0.0636834609103818
YOYOBTC,2018-03-14 08:47:06.272000+00:00,2018-03-14 18:14:41.942000+00:00,-0.07285005814293638
YOYOBTC,2018-03-15 01:52:48.136000+00:00,2018-03-15 15:58:27.568000+00:00,-0.04587193303859971
YOYOBTC,2018-03-17 20:03:29.808000+00:00,2018-03-18 00:32:07.440000+00:00,-0.05358830331492148
YOYOBTC,2018-03-18 03:36:19.928000+00:00,2018-03-18 12:00:26.742000+00:00,-0.05221590291288125
YOYOBTC,2018-03-19 13:14:25.212000+00:00,2018-03-19 20:01:04.706000+00:00,-0.052498461061010304
YOYOBTC,2018-03-20 03:54:35.104000+00:00,2018-03-20 07:15:35.820000+00:00,-0.058638794979655184
YOYOBTC,2018-03-20 13:14:46.144000+00:00,2018-03-20 19:22:45.118000+00:00,-0.03690710587248969
YOYOBTC,2018-03-24 00:08:12.352000+00:00,2018-03-24 16:26:19.574000+00:00,-0.01646201385386603
YOYOBTC,2018-03-26 16:46:10.160000+00:00,2018-03-26 17:29:04.738000+00:00,-0.025872404916470026
YOYOBTC,2018-03-28 06:05:00.108000+00:00,2018-03-28 07:36:31.346000+00:00,-0.005265314045656
YOYOBTC,2018-03-31 00:38:29.804000+00:00,2018-03-31 16:44:50.606000+00:00,-0.00024201429063813729
YOYOBTC,2018-03-31 23:22:59.988000+00:00,2018-04-01 11:28:32.674000+00:00,-0.0037799534871191254
YOYOBTC,2018-04-01 22:54:45.628000+00:00,2018-04-02 15:38:03.188000+00:00,-0.0040763352166715006
YOYOBTC,2018-04-03 11:58:55.690000+00:00,2018-04-03 14:45:27.942000+00:00,-0.009026038144560378
YOYOBTC,2018-04-04 09:14:30.934000+00:00,2018-04-04 09:58:41.532000+00:00,-0.018518703301904915
YOYOBTC,2018-04-04 14:00:38.800000+00:00,2018-04-04 16:47:11.052000+00:00,0.0020640011053891794
YOYOBTC,2018-04-07 22:40:48.684000+00:00,2018-04-08 09:40:51.608000+00:00,0.0036386477921781513
YOYOBTC,2018-04-08 22:17:55.840000+00:00,2018-04-09 12:11:03.102000+00:00,-0.004005402370045152
YOYOBTC,2018-04-09 13:52:44.476000+00:00,2018-04-09 15:01:49.410000+00:00,-0.00454259414367475
YOYOBTC,2018-04-13 03:04:46.328000+00:00,2018-04-13 08:08:52.438000+00:00,-0.00774685954133586
YOYOBTC,2018-04-14 14:39:11.188000+00:00,2018-04-15 09:17:04.522000+00:00,-0.0070830737642083585
YOYOBTC,2018-04-16 07:22:42.440000+00:00,2018-04-17 12:16:30.454000+00:00,-0.0038031856364909578
YOYOBTC,2018-04-18 00:39:56.500000+00:00,2018-04-19 13:34:00.428000+00:00,0.016649695170377288
YOYOBTC,2018-04-21 22:12:32.364000+00:00,2018-04-22 12:27:33.354000+00:00,0.025599355075505204
YOYOBTC,2018-04-24 07:59:53.344000+00:00,2018-04-24 14:21:10.940000+00:00,0.02424031422803158
YOYOBTC,2018-04-27 06:55:29.798000+00:00,2018-04-27 21:52:23.924000+00:00,0.01878049520960079
YOYOBTC,2018-04-27 23:18:11.084000+00:00,2018-04-28 12:55:24.142000+00:00,0.0397781948910359
YOYOBTC,2018-05-08 23:35:13.474000+00:00,2018-05-09 01:41:45.186000+00:00,0.029210449422873486
YOYOBTC,2018-05-15 12:17:28.792000+00:00,2018-05-15 18:21:13.338000+00:00,0.01952062868110427
YOYOBTC,2018-05-16 06:30:06.712000+00:00,2018-05-16 14:01:46.162000+00:00,0.01881212321166381
YOYOBTC,2018-05-19 09:30:31.416000+00:00,2018-05-20 20:52:54.104000+00:00,0.013357827849899861
YOYOBTC,2018-05-21 12:27:46.740000+00:00,2018-05-22 03:27:36.904000+00:00,0.004829589168365955
YOYOBTC,2018-05-22 09:36:19.890000+00:00,2018-05-22 14:15:47.664000+00:00,-0.004335716036316328
YOYOBTC,2018-05-24 03:35:31.938000+00:00,2018-05-24 09:12:52.498000+00:00,-0.011668802683138968
YOYOBTC,2018-05-24 22:03:48.920000+00:00,2018-05-25 07:01:00.184000+00:00,-0.01240525830207434
YOYOBTC,2018-05-26 17:57:20.516000+00:00,2018-05-27 02:45:41.658000+00:00,-0.01901806730996275
YOYOBTC,2018-05-27 03:19:16.110000+00:00,2018-05-28 05:32:45.380000+00:00,-0.02706711539922202
YOYOBTC,2018-05-28 11:21:38.096000+00:00,2018-05-28 18:47:11.134000+00:00,-0.03452634757632389
YOYOBTC,2018-05-29 04:01:04.622000+00:00,2018-05-30 11:56:04.508000+00:00,-0.013564451110986364
YOYOBTC,2018-06-01 23:39:10.938000+00:00,2018-06-03 18:53:14.002000+00:00,-0.014293708084392509
YOYOBTC,2018-06-04 04:50:10.070000+00:00,2018-06-04 07:21:30.116000+00:00,-0.02551303351432538
YOYOBTC,2018-06-04 14:01:01.518000+00:00,2018-06-05 04:04:32.918000+00:00,-0.0328487218465045
YOYOBTC,2018-06-05 07:20:15.580000+00:00,2018-06-05 22:10:49.604000+00:00,-0.03560174495849039
YOYOBTC,2018-06-06 00:36:27.572000+00:00,2018-06-07 04:52:08.492000+00:00,-0.0432430481802501
YOYOBTC,2018-06-07 10:56:13.412000+00:00,2018-06-08 02:49:11.822000+00:00,-0.023730897694336173
YOYOBTC,2018-06-10 06:48:49.212000+00:00,2018-06-10 14:22:01.340000+00:00,-0.030025665642733235
YOYOBTC,2018-06-10 15:00:23.860000+00:00,2018-06-10 21:28:46.072000+00:00,-0.038240532670778704
YOYOBTC,2018-06-11 17:30:00.194000+00:00,2018-06-12 17:49:55.928000+00:00,-0.031688433891339796
YOYOBTC,2018-06-13 01:33:28.194000+00:00,2018-06-13 14:34:12.746000+00:00,-0.03861372145600056
YOYOBTC,2018-06-13 20:37:31.658000+00:00,2018-06-14 07:51:48.774000+00:00,-0.03938838104607406
YOYOBTC,2018-06-14 10:01:30.526000+00:00,2018-06-14 15:02:16.594000+00:00,-0.0508566748567198
YOYOBTC,2018-06-15 04:40:49.656000+00:00,2018-06-15 12:40:24.138000+00:00,-0.05824168321697504
YOYOBTC,2018-06-15 16:19:31.100000+00:00,2018-06-16 05:47:54.232000+00:00,-0.06302000693943233
YOYOBTC,2018-06-16 09:24:25.158000+00:00,2018-06-17 11:07:58.022000+00:00,-0.0689454956744407
YOYOBTC,2018-06-17 11:57:58.698000+00:00,2018-06-18 10:04:54.634000+00:00,-0.07352002132693364
YOYOBTC,2018-06-18 11:08:39.496000+00:00,2018-06-19 05:55:24.728000+00:00,-0.06850695670144397
YOYOBTC,2018-06-19 08:10:27.564000+00:00,2018-06-20 02:58:28.812000+00:00,-0.07545277856485261
YOYOBTC,2018-06-20 10:56:29.272000+00:00,2018-06-21 09:25:35.510000+00:00,-0.07325382931360103
YOYOBTC,2018-06-21 19:40:59.828000+00:00,2018-06-22 01:50:40.824000+00:00,-0.07542743820864106
YOYOBTC,2018-06-22 23:40:22.528000+00:00,2018-06-23 07:55:11.216000+00:00,-0.08053858190975205
YOYOBTC,2018-06-23 10:28:53.294000+00:00,2018-06-24 04:33:15.952000+00:00,-0.08534468590454786
YOYOBTC,2018-06-24 10:23:38.688000+00:00,2018-06-25 00:05:13.792000+00:00,-0.08162106405422181
YOYOBTC,2018-06-25 04:09:37.096000+00:00,2018-06-25 08:25:48.558000+00:00,-0.08500227431016494
YOYOBTC,2018-06-25 18:13:46.506000+00:00,2018-06-26 12:12:43.090000+00:00,-0.092367936679074
YOYOBTC,2018-06-27 01:58:18.250000+00:00,2018-06-27 18:07:55.356000+00:00,-0.08763188257231957
YOYOBTC,2018-06-27 20:55:41.624000+00:00,2018-06-28 06:46:39.612000+00:00,-0.09257246151892484
YOYOBTC,2018-06-28 08:44:39.208000+00:00,2018-06-29 00:11:41.738000+00:00,-0.09892615827787332
YOYOBTC,2018-06-29 12:15:21.518000+00:00,2018-06-30 09:39:14.874000+00:00,-0.0790147402345121
YOYOBTC,2018-07-03 03:20:38.148000+00:00,2018-07-03 10:19:05.804000+00:00,-0.08328705076037796
YOYOBTC,2018-07-03 14:48:55.454000+00:00,2018-07-03 22:34:57.750000+00:00,-0.08163101287759672
YOYOBTC,2018-07-06 10:03:55.994000+00:00,2018-07-07 11:11:23.892000+00:00,-0.08331457642709528
YOYOBTC,2018-07-07 15:37:17.502000+00:00,2018-07-08 23:10:05.072000+00:00,-0.08048135188471889
YOYOBTC,2018-07-10 09:01:30.530000+00:00,2018-07-10 14:46:43.196000+00:00,-0.08288380599716655
YOYOBTC,2018-07-10 19:42:43.196000+00:00,2018-07-11 03:54:41.846000+00:00,-0.09211750490773785
YOYOBTC,2018-07-11 18:48:35.928000+00:00,2018-07-12 07:24:48.150000+00:00,-0.09792144892142474
YOYOBTC,2018-07-12 09:13:01.614000+00:00,2018-07-12 14:44:26.094000+00:00,-0.10504375350313533
YOYOBTC,2018-07-12 21:09:59.304000+00:00,2018-07-13 17:32:09.826000+00:00,-0.09800264952464444
YOYOBTC,2018-07-14 03:04:09.556000+00:00,2018-07-14 17:37:33.362000+00:00,-0.09667525720693443
YOYOBTC,2018-07-14 19:55:55.234000+00:00,2018-07-16 05:49:52.726000+00:00,-0.09378110220039676
YOYOBTC,2018-07-16 07:39:54.214000+00:00,2018-07-17 05:45:54.136000+00:00,-0.09435623868965937
YOYOBTC,2018-07-17 06:52:51.042000+00:00,2018-07-17 17:52:25.958000+00:00,-0.09616797990050635
YOYOBTC,2018-07-18 01:35:42.218000+00:00,2018-07-18 08:43:01.994000+00:00,-0.09916292338883392
YOYOBTC,2018-07-18 11:36:16.336000+00:00,2018-07-18 20:14:03.338000+00:00,-0.10250255112511164
YOYOBTC,2018-07-18 22:33:03.214000+00:00,2018-07-19 15:41:07.110000+00:00,-0.10808669137047228
YOYOBTC,2018-07-19 17:44:12.774000+00:00,2018-07-19 20:12:44.782000+00:00,-0.11817686791713669
YOYOBTC,2018-07-20 02:54:22.210000+00:00,2018-07-20 06:58:09.506000+00:00,-0.1265137874700495
YOYOBTC,2018-07-20 10:00:15.968000+00:00,2018-07-20 14:58:42.002000+00:00,-0.1324437479027874
YOYOBTC,2018-07-20 18:27:12.822000+00:00,2018-07-22 01:19:33.858000+00:00,-0.1354189226087539
YOYOBTC,2018-07-22 02:39:06.934000+00:00,2018-07-22 19:17:26.428000+00:00,-0.1400664860129729
YOYOBTC,2018-07-22 23:04:31.496000+00:00,2018-07-23 08:07:04.832000+00:00,-0.14675654467671667
YOYOBTC,2018-07-23 08:23:35.056000+00:00,2018-07-23 08:44:05.334000+00:00,-0.15494087918083652
YOYOBTC,2018-07-23 09:49:46.220000+00:00,2018-07-23 19:40:32.204000+00:00,-0.16257538978951105
YOYOBTC,2018-07-23 20:52:45.182000+00:00,2018-07-24 03:42:52.726000+00:00,-0.1692481564493028
YOYOBTC,2018-07-24 10:51:48.544000+00:00,2018-07-24 12:04:37.506000+00:00,-0.17733191576418392
YOYOBTC,2018-07-24 17:04:43.564000+00:00,2018-07-24 23:46:03.004000+00:00,-0.18166728605292354
YOYOBTC,2018-07-25 06:51:02.732000+00:00,2018-07-25 10:40:49.840000+00:00,-0.1841187830557478
YOYOBTC,2018-07-25 12:14:55.110000+00:00,2018-07-26 04:45:54.504000+00:00,-0.17768910862446977
YOYOBTC,2018-07-26 08:13:07.308000+00:00,2018-07-26 11:36:48.060000+00:00,-0.18617230546790475
YOYOBTC,2018-07-26 12:49:55.048000+00:00,2018-07-27 17:14:08.084000+00:00,-0.19223885543520608
YOYOBTC,2018-07-27 18:22:43.010000+00:00,2018-07-28 16:01:22.566000+00:00,-0.1739616511464095
YOYOBTC,2018-07-30 18:59:23.900000+00:00,2018-07-31 02:24:09.912000+00:00,-0.17714184258679044
YOYOBTC,2018-07-31 02:34:38.052000+00:00,2018-07-31 10:35:02.548000+00:00,-0.18500603443362412
YOYOBTC,2018-07-31 11:50:07.562000+00:00,2018-08-01 01:50:32.922000+00:00,-0.19082256310226553
YOYOBTC,2018-08-01 05:36:53.982000+00:00,2018-08-01 14:05:46.860000+00:00,-0.18679486987954322
YOYOBTC,2018-08-01 16:35:50.888000+00:00,2018-08-01 21:32:58.904000+00:00,-0.1945159134992279
YOYOBTC,2018-08-01 22:41:29.830000+00:00,2018-08-02 07:39:35.104000+00:00,-0.19986090556137137
YOYOBTC,2018-08-02 12:24:08.950000+00:00,2018-08-02 14:01:16.264000+00:00,-0.20794815521599158
YOYOBTC,2018-08-02 18:36:45.988000+00:00,2018-08-03 01:09:21.294000+00:00,-0.21292917012413043
YOYOBTC,2018-08-03 07:24:46.368000+00:00,2018-08-03 16:53:28.054000+00:00,-0.20961329218491587
YOYOBTC,2018-08-03 17:03:52.196000+00:00,2018-08-03 21:39:31.922000+00:00,-0.2098401050915244
YOYOBTC,2018-08-03 21:50:24.068000+00:00,2018-08-04 05:40:42.426000+00:00,-0.21056338331619934
YOYOBTC,2018-08-04 06:47:07.324000+00:00,2018-08-04 12:39:36.088000+00:00,-0.21722337374457254
YOYOBTC,2018-08-04 14:08:45.292000+00:00,2018-08-04 16:11:38.954000+00:00,-0.2244043631723867
YOYOBTC,2018-08-04 16:35:35.280000+00:00,2018-08-06 07:10:26.568000+00:00,-0.21713030129548236
YOYOBTC,2018-08-06 08:15:57.452000+00:00,2018-08-06 16:14:41.924000+00:00,-0.21490378012014
YOYOBTC,2018-08-06 18:01:13.364000+00:00,2018-08-07 04:30:23.868000+00:00,-0.19915508296252
YOYOBTC,2018-08-09 04:31:22.810000+00:00,2018-08-09 12:45:07.486000+00:00,-0.2068832306614751
YOYOBTC,2018-08-09 13:21:41.980000+00:00,2018-08-09 18:40:18.284000+00:00,-0.20228345723021882
YOYOBTC,2018-08-09 19:56:29.316000+00:00,2018-08-10 06:41:34.036000+00:00,-0.1962605784110616
YOYOBTC,2018-08-10 08:24:03.422000+00:00,2018-08-10 08:35:13.572000+00:00,-0.20362750154770418
YOYOBTC,2018-08-10 11:18:35.780000+00:00,2018-08-10 16:17:21.818000+00:00,-0.2101204580206075
YOYOBTC,2018-08-10 18:04:27.266000+00:00,2018-08-10 21:43:02.220000+00:00,-0.21570543802686223
YOYOBTC,2018-08-10 23:20:17.536000+00:00,2018-08-11 01:02:52.922000+00:00,-0.21755185879313071
YOYOBTC,2018-08-11 08:24:34.892000+00:00,2018-08-11 13:02:44.652000+00:00,-0.22322070185898032
YOYOBTC,2018-08-11 14:09:21.574000+00:00,2018-08-11 16:01:41.070000+00:00,-0.230087284751186
YOYOBTC,2018-08-11 21:43:25.690000+00:00,2018-08-12 00:31:49.966000+00:00,-0.23695455077645747
YOYOBTC,2018-08-12 02:26:33.518000+00:00,2018-08-12 14:26:31.248000+00:00,-0.23254965059504748
YOYOBTC,2018-08-12 15:29:20.098000+00:00,2018-08-12 18:58:32.926000+00:00,-0.23674119241807803
YOYOBTC,2018-08-12 20:05:47.834000+00:00,2018-08-13 03:08:25.548000+00:00,-0.22152706438461506
YOYOBTC,2018-08-15 04:19:22.500000+00:00,2018-08-15 06:56:26.624000+00:00,-0.22174896073543543
YOYOBTC,2018-08-15 08:05:27.556000+00:00,2018-08-15 08:55:26.232000+00:00,-0.17165008461961848
YOYOBTC,2018-08-17 13:26:32.824000+00:00,2018-08-17 17:35:50.196000+00:00,-0.1651303767924408
YOYOBTC,2018-08-17 18:49:43.192000+00:00,2018-08-18 01:59:08.998000+00:00,-0.16355867441699506
YOYOBTC,2018-08-18 03:25:22.180000+00:00,2018-08-18 06:40:30.802000+00:00,-0.17088939475628132
YOYOBTC,2018-08-18 08:22:28.180000+00:00,2018-08-18 13:16:18.152000+00:00,-0.17112611982895073
YOYOBTC,2018-08-18 16:18:36.616000+00:00,2018-08-19 14:22:44.514000+00:00,-0.1547993345712829
YOYOBTC,2018-08-21 18:30:18.790000+00:00,2018-08-22 01:09:16.182000+00:00,-0.13202293050810496
YOYOBTC,2018-08-24 02:11:37.956000+00:00,2018-08-24 04:20:15.694000+00:00,-0.13954612359370544
YOYOBTC,2018-08-24 06:12:39.212000+00:00,2018-08-24 10:01:54.310000+00:00,-0.1368473015900953
YOYOBTC,2018-08-24 10:33:24.736000+00:00,2018-08-24 18:04:00.828000+00:00,-0.1440816200123974
YOYOBTC,2018-08-24 19:06:35.672000+00:00,2018-08-25 00:26:23.996000+00:00,-0.14432594279504038
YOYOBTC,2018-08-25 01:09:48.582000+00:00,2018-08-25 08:16:34.352000+00:00,-0.1510987150331927
YOYOBTC,2018-08-25 10:02:11.778000+00:00,2018-08-25 16:21:04.900000+00:00,-0.15567024592662054
YOYOBTC,2018-08-25 16:32:19.052000+00:00,2018-08-26 02:08:34.844000+00:00,-0.15714999946392832
YOYOBTC,2018-08-26 06:40:08.512000+00:00,2018-08-26 13:01:55.672000+00:00,-0.1592641354929436
YOYOBTC,2018-08-26 13:13:41.832000+00:00,2018-08-26 17:11:53.052000+00:00,-0.16633696691731248
YOYOBTC,2018-08-26 17:22:53.200000+00:00,2018-08-28 04:09:43.408000+00:00,-0.14819869748035647
YOYOBTC,2018-08-30 04:11:46.364000+00:00,2018-08-30 07:57:53.420000+00:00,-0.15485238921622724
YOYOBTC,2018-08-30 10:05:47.150000+00:00,2018-08-30 12:51:53.394000+00:00,-0.15984410756974982
YOYOBTC,2018-08-30 13:40:18.050000+00:00,2018-08-31 15:23:18.906000+00:00,-0.15253767124632547
YOYOBTC,2018-08-31 15:34:57.062000+00:00,2018-09-01 01:05:20.772000+00:00,-0.15009545606726116
YOYOBTC,2018-09-01 02:10:19.652000+00:00,2018-09-01 10:37:24.506000+00:00,-0.13341381663299068
YOYOBTC,2018-09-03 10:38:17.448000+00:00,2018-09-04 04:29:59.932000+00:00,-0.12669986315601964
YOYOBTC,2018-09-04 04:43:38.116000+00:00,2018-09-04 18:41:23.442000+00:00,-0.12014457191195374
YOYOBTC,2018-09-04 19:44:34.294000+00:00,2018-09-05 08:16:28.458000+00:00,-0.1237403707872835
YOYOBTC,2018-09-05 09:14:45.246000+00:00,2018-09-05 10:02:19.892000+00:00,-0.13341427794442218
YOYOBTC,2018-09-05 14:42:17.674000+00:00,2018-09-05 16:49:27.392000+00:00,-0.14272406500926324
YOYOBTC,2018-09-05 18:09:54.480000+00:00,2018-09-05 19:31:01.576000+00:00,-0.14515239778410405
YOYOBTC,2018-09-05 20:45:00.576000+00:00,2018-09-05 23:47:41.046000+00:00,-0.15263227679712071
YOYOBTC,2018-09-06 02:42:07.402000+00:00,2018-09-06 07:13:31.072000+00:00,-0.15576582756346602
YOYOBTC,2018-09-06 08:11:37.856000+00:00,2018-09-06 09:40:55.064000+00:00,-0.16318607451142947
YOYOBTC,2018-09-06 10:48:29.978000+00:00,2018-09-07 08:49:57.840000+00:00,-0.15759347813262195
YOYOBTC,2018-09-07 09:22:34.280000+00:00,2018-09-07 17:14:32.660000+00:00,-0.16425700388741524
YOYOBTC,2018-09-07 17:59:15.266000+00:00,2018-09-08 17:02:23.960000+00:00,-0.17029402122437878
YOYOBTC,2018-09-08 17:13:40.112000+00:00,2018-09-08 18:08:50.858000+00:00,-0.1778336811865166
YOYOBTC,2018-09-08 18:30:01.144000+00:00,2018-09-08 20:28:26.746000+00:00,-0.18609679200009702
YOYOBTC,2018-09-08 21:26:11.526000+00:00,2018-09-09 02:25:33.574000+00:00,-0.18854874014114664
YOYOBTC,2018-09-09 03:36:38.534000+00:00,2018-09-09 17:21:39.684000+00:00,-0.18877778330636447
YOYOBTC,2018-09-09 17:33:31.846000+00:00,2018-09-10 13:33:26.064000+00:00,-0.1882618132113876
YOYOBTC,2018-09-10 13:45:02.222000+00:00,2018-09-10 16:29:02.438000+00:00,-0.16998248938891813
YOYOBTC,2018-09-12 16:30:21.386000+00:00,2018-09-13 00:33:15.912000+00:00,-0.15343359137084767
YOYOBTC,2018-09-15 00:34:53.386000+00:00,2018-09-15 21:58:06.620000+00:00,-0.15061791112892556
YOYOBTC,2018-09-15 22:09:40.776000+00:00,2018-09-16 00:52:00.970000+00:00,-0.13287126532703145
YOYOBTC,2018-09-18 01:21:29.722000+00:00,2018-09-18 03:02:23.086000+00:00,-0.14468905028209564
YOYOBTC,2018-09-18 04:16:06.084000+00:00,2018-09-18 05:58:43.472000+00:00,-0.13787073215555948
YOYOBTC,2018-09-18 06:53:48.216000+00:00,2018-09-18 09:20:46.202000+00:00,-0.131257456664929
YOYOBTC,2018-09-18 11:00:05.544000+00:00,2018-09-18 14:13:30.158000+00:00,-0.1288145004311076
YOYOBTC,2018-09-18 15:54:59.530000+00:00,2018-09-18 20:08:32.960000+00:00,-0.12697610402820883
YOYOBTC,2018-09-19 00:15:34.296000+00:00,2018-09-19 01:28:25.282000+00:00,-0.12656906601882326
YOYOBTC,2018-09-19 04:02:05.358000+00:00,2018-09-19 09:36:01.874000+00:00,-0.1367026183922556
YOYOBTC,2018-09-19 10:47:40.840000+00:00,2018-09-19 12:03:29.866000+00:00,-0.14303133510119959
YOYOBTC,2018-09-19 13:24:38.962000+00:00,2018-09-19 16:21:19.354000+00:00,-0.14057541432203874
YOYOBTC,2018-09-19 17:33:26.328000+00:00,2018-09-20 03:16:08.202000+00:00,-0.13741750390783014
YOYOBTC,2018-09-20 04:18:37.046000+00:00,2018-09-20 17:34:41.808000+00:00,-0.13498335481177035
YOYOBTC,2018-09-20 19:04:23.020000+00:00,2018-09-20 20:31:38.198000+00:00,-0.13125505266683415
YOYOBTC,2018-09-20 21:58:05.366000+00:00,2018-09-21 02:32:11.072000+00:00,-0.13215416453517578
YOYOBTC,2018-09-21 02:44:29.240000+00:00,2018-09-21 14:25:58.722000+00:00,-0.13826258805062638
YOYOBTC,2018-09-21 16:21:58.288000+00:00,2018-09-21 18:39:46.154000+00:00,-0.1311183444856563
YOYOBTC,2018-09-21 20:05:05.304000+00:00,2018-09-22 00:43:09.064000+00:00,-0.13070584591692871
YOYOBTC,2018-09-22 01:31:55.722000+00:00,2018-09-22 06:25:45.694000+00:00,-0.1374543930657989
YOYOBTC,2018-09-22 06:37:29.852000+00:00,2018-09-22 17:08:36.382000+00:00,-0.1396575754631636
YOYOBTC,2018-09-22 17:27:56.644000+00:00,2018-09-22 19:27:48.266000+00:00,-0.1418384242791735
YOYOBTC,2018-09-22 21:03:05.552000+00:00,2018-09-22 23:14:39.332000+00:00,-0.12491152332163058
YOYOBTC,2018-09-24 23:53:46.788000+00:00,2018-09-25 01:05:33.760000+00:00,-0.13224110194908104
YOYOBTC,2018-09-25 01:37:08.186000+00:00,2018-09-25 06:32:28.178000+00:00,-0.12987846347646453
YOYOBTC,2018-09-25 09:41:30.732000+00:00,2018-09-25 15:30:31.450000+00:00,-0.1056217083713572
YOYOBTC,2018-09-27 18:49:15.066000+00:00,2018-09-28 02:39:39.424000+00:00,-0.10354980101147204
YOYOBTC,2018-09-28 03:53:36.424000+00:00,2018-09-28 05:10:57.470000+00:00,-0.11253488766383166
YOYOBTC,2018-09-28 06:19:26.396000+00:00,2018-09-28 09:23:42.886000+00:00,-0.12050149175491134
YOYOBTC,2018-09-28 10:49:20.044000+00:00,2018-09-29 06:53:22.320000+00:00,-0.12568579026364016
YOYOBTC,2018-09-29 07:05:00.474000+00:00,2018-09-29 19:08:46.258000+00:00,-0.11783981331247967
YOYOBTC,2018-09-29 20:04:09.008000+00:00,2018-09-30 09:56:20.256000+00:00,-0.12048475027824193
YOYOBTC,2018-09-30 10:08:32.420000+00:00,2018-09-30 20:08:32.532000+00:00,-0.1296896080173652
YOYOBTC,2018-09-30 20:20:48.696000+00:00,2018-10-02 09:30:56.842000+00:00,-0.1117838292006346
YOYOBTC,2018-10-04 10:00:52.178000+00:00,2018-10-04 15:01:54.244000+00:00,-0.06788186152114661
YOYOBTC,2018-10-06 15:03:57.202000+00:00,2018-10-06 20:16:33.426000+00:00,-0.04349581602016872
YOYOBTC,2018-10-08 21:16:15.162000+00:00,2018-10-09 00:36:49.872000+00:00,-0.034667788224832685
YOYOBTC,2018-10-09 03:19:00.066000+00:00,2018-10-09 06:40:12.784000+00:00,-0.03849166672474097
YOYOBTC,2018-10-09 07:42:51.632000+00:00,2018-10-09 08:29:46.266000+00:00,-0.03517346196355908
YOYOBTC,2018-10-09 10:53:06.202000+00:00,2018-10-09 12:29:01.500000+00:00,-0.0424361307447792
YOYOBTC,2018-10-09 13:27:58.296000+00:00,2018-10-09 14:37:01.230000+00:00,-0.047288892689563544
YOYOBTC,2018-10-09 15:50:56.230000+00:00,2018-10-09 20:19:49.864000+00:00,-0.05478228342679531
YOYOBTC,2018-10-10 00:37:15.342000+00:00,2018-10-10 13:20:59.666000+00:00,-0.053985967449174554
YOYOBTC,2018-10-10 15:47:03.642000+00:00,2018-10-11 00:48:36.962000+00:00,-0.06209697894335098
YOYOBTC,2018-10-11 04:20:53.830000+00:00,2018-10-11 05:53:33.082000+00:00,-0.06916674450234067
YOYOBTC,2018-10-11 12:41:40.600000+00:00,2018-10-11 13:23:07.160000+00:00,-0.07953052581542686
YOYOBTC,2018-10-11 18:13:39.088000+00:00,2018-10-11 23:46:45.590000+00:00,-0.0871705522403452
YOYOBTC,2018-10-12 01:11:06.728000+00:00,2018-10-12 09:20:13.342000+00:00,-0.08268496812979892
YOYOBTC,2018-10-12 09:32:27.508000+00:00,2018-10-12 14:33:49.580000+00:00,-0.08586564752607995
YOYOBTC,2018-10-12 14:43:51.716000+00:00,2018-10-12 21:09:54.934000+00:00,-0.07967110372624309
YOYOBTC,2018-10-12 22:19:37.878000+00:00,2018-10-13 15:41:57.986000+00:00,-0.06104905502690966
YOYOBTC,2018-10-15 16:57:16.426000+00:00,2018-10-17 05:22:59.056000+00:00,-0.04227520327464235
YOYOBTC,2018-10-19 05:24:22.022000+00:00,2018-10-19 19:37:09.548000+00:00,-0.04486856492142277
YOYOBTC,2018-10-19 19:49:13.712000+00:00,2018-10-20 15:28:43.544000+00:00,-0.020593568880535207
YOYOBTC,2018-10-22 15:29:41.902000+00:00,2018-10-22 22:34:27.642000+00:00,-0.0002570075167837582
YOYOBTC,2018-10-24 22:34:40.788000+00:00,2018-10-25 21:40:03.516000+00:00,0.008412590193192904
YOYOBTC,2018-10-25 21:52:27.698000+00:00,2018-10-26 02:51:59.730000+00:00,0.0037530613402771418
YOYOBTC,2018-10-26 03:04:17.918000+00:00,2018-10-26 06:28:40.660000+00:00,0.023366905670479943
YOYOBTC,2018-10-28 07:21:23.140000+00:00,2018-10-28 13:35:36.214000+00:00,0.01974069962979591
YOYOBTC,2018-10-28 18:59:08.574000+00:00,2018-10-29 01:18:23.698000+00:00,0.021097201017583778
YOYOBTC,2018-10-29 03:12:29.260000+00:00,2018-10-29 08:47:29.768000+00:00,0.028911695803518267
YOYOBTC,2018-10-29 15:10:30.946000+00:00,2018-10-29 18:13:57.424000+00:00,0.027514887738659344
YOYOBTC,2018-10-29 21:47:40.314000+00:00,2018-10-30 10:33:40.814000+00:00,0.021729967587853505
YOYOBTC,2018-10-30 10:44:06.954000+00:00,2018-10-30 19:01:33.678000+00:00,0.04204268553900803
YOYOBTC,2018-11-01 19:43:39.888000+00:00,2018-11-01 22:24:34.064000+00:00,0.04645412522342057
YOYOBTC,2018-11-02 18:14:50.054000+00:00,2018-11-02 19:53:15.386000+00:00,0.050950247186719866
YOYOBTC,2018-11-03 05:36:13.264000+00:00,2018-11-03 13:52:30.438000+00:00,0.050654739154025685
YOYOBTC,2018-11-03 14:31:24.964000+00:00,2018-11-04 00:40:39.268000+00:00,0.049384084417794794
YOYOBTC,2018-11-04 02:21:58.638000+00:00,2018-11-04 05:38:15.292000+00:00,0.04222744003873724
YOYOBTC,2018-11-04 07:39:00.922000+00:00,2018-11-04 15:37:18.732000+00:00,0.03499803809554092
YOYOBTC,2018-11-04 17:41:48.118000+00:00,2018-11-05 08:17:27.952000+00:00,0.033666072756305176
YOYOBTC,2018-11-05 11:53:49.178000+00:00,2018-11-05 15:41:16.252000+00:00,0.028042898704040087
YOYOBTC,2018-11-05 17:57:28.094000+00:00,2018-11-06 10:26:01.214000+00:00,0.02236476469618459
YOYOBTC,2018-11-06 13:05:45.374000+00:00,2018-11-06 16:42:10.298000+00:00,0.030173927139057755
YOYOBTC,2018-11-06 19:22:22.480000+00:00,2018-11-07 00:47:08.854000+00:00,0.026189283131672014
YOYOBTC,2018-11-07 06:20:41.362000+00:00,2018-11-07 15:20:58.666000+00:00,0.025385771315698635
YOYOBTC,2018-11-07 16:32:33.636000+00:00,2018-11-08 03:20:46.394000+00:00,0.019477489561575745
YOYOBTC,2018-11-08 04:24:23.256000+00:00,2018-11-08 09:37:11.486000+00:00,0.009370587709076894
YOYOBTC,2018-11-08 11:04:38.666000+00:00,2018-11-08 23:50:31.018000+00:00,0.00492266591623558
YOYOBTC,2018-11-09 00:00:41.154000+00:00,2018-11-09 14:22:54.810000+00:00,0.0036000586494099873
YOYOBTC,2018-11-09 16:06:24.208000+00:00,2018-11-10 02:52:16.940000+00:00,0.007907233229963784
YOYOBTC,2018-11-10 04:24:48.190000+00:00,2018-11-10 22:17:48.692000+00:00,0.008128658651164189
YOYOBTC,2018-11-10 22:28:36.840000+00:00,2018-11-11 05:56:53.094000+00:00,0.005847283132171366
YOYOBTC,2018-11-11 06:50:35.820000+00:00,2018-11-11 11:59:15.994000+00:00,-0.0009157601190881715
YOYOBTC,2018-11-11 13:00:20.818000+00:00,2018-11-12 07:48:50.072000+00:00,-0.007756350418143543
YOYOBTC,2018-11-12 09:32:43.476000+00:00,2018-11-12 21:18:31.018000+00:00,-0.003874380960147472
YOYOBTC,2018-11-12 23:07:00.484000+00:00,2018-11-13 02:57:59.604000+00:00,-0.011388991334849274
YOYOBTC,2018-11-13 03:56:26.394000+00:00,2018-11-13 14:50:31.236000+00:00,-0.01796803822005799
YOYOBTC,2018-11-13 15:01:01.378000+00:00,2018-11-14 09:18:02.206000+00:00,-0.01718198759999301
YOYOBTC,2018-11-14 14:00:24.024000+00:00,2018-11-14 14:35:06.508000+00:00,-0.02956903181214665
YOYOBTC,2018-11-14 22:39:03.034000+00:00,2018-11-15 02:20:16.024000+00:00,-0.02983836221710212
YOYOBTC,2018-11-15 05:23:44.504000+00:00,2018-11-15 10:21:00.524000+00:00,-0.03374131108602069
YOYOBTC,2018-11-15 11:27:25.420000+00:00,2018-11-15 13:47:03.308000+00:00,-0.04077740318980083
YOYOBTC,2018-11-15 14:00:25.488000+00:00,2018-11-15 14:40:00.026000+00:00,-0.05106062691330199
YOYOBTC,2018-11-15 19:00:05.538000+00:00,2018-11-16 07:48:33.926000+00:00,-0.049436107146257346
YOYOBTC,2018-11-16 08:10:36.224000+00:00,2018-11-16 11:41:29.074000+00:00,-0.060282302139441524
YOYOBTC,2018-11-16 12:32:09.760000+00:00,2018-11-16 17:27:45.754000+00:00,-0.053616575830313484
YOYOBTC,2018-11-16 21:32:33.064000+00:00,2018-11-17 14:22:04.708000+00:00,-0.045167989025983846
YOYOBTC,2018-11-17 21:53:18.828000+00:00,2018-11-18 02:10:34.310000+00:00,-0.04485486278574102
YOYOBTC,2018-11-18 04:28:12.168000+00:00,2018-11-18 14:16:22.118000+00:00,-0.0514957622761017
YOYOBTC,2018-11-18 15:14:36.906000+00:00,2018-11-18 18:23:11.454000+00:00,-0.031174352067035227
YOYOBTC,2018-11-20 22:17:47.554000+00:00,2018-11-21 09:06:42.326000+00:00,-0.02218972601117014
YOYOBTC,2018-11-21 10:31:53.476000+00:00,2018-11-21 14:03:08.332000+00:00,-0.022460314924472757
YOYOBTC,2018-11-21 15:04:57.168000+00:00,2018-11-21 17:24:09.050000+00:00,-0.022730741565604062
YOYOBTC,2018-11-21 18:20:15.808000+00:00,2018-11-22 01:39:03.738000+00:00,-0.025395633098915127
YOYOBTC,2018-11-22 01:49:49.924000+00:00,2018-11-22 09:50:50.386000+00:00,-0.03225804382332731
YOYOBTC,2018-11-22 11:29:45.726000+00:00,2018-11-22 19:57:16.584000+00:00,-0.03855192744595776
YOYOBTC,2018-11-22 20:07:54.728000+00:00,2018-11-22 23:30:53.472000+00:00,-0.04671904674986921
YOYOBTC,2018-11-23 00:56:38.630000+00:00,2018-11-23 15:36:48.528000+00:00,-0.05134625478502913
YOYOBTC,2018-11-23 15:47:30.674000+00:00,2018-11-24 10:01:15.734000+00:00,-0.05223652253367872
YOYOBTC,2018-11-24 12:12:57.512000+00:00,2018-11-24 21:37:51.148000+00:00,-0.05817818190713897
YOYOBTC,2018-11-25 01:15:16.090000+00:00,2018-11-25 02:25:09.030000+00:00,-0.06424629736396642
YOYOBTC,2018-11-25 03:31:45.930000+00:00,2018-11-25 16:54:02.776000+00:00,-0.06254218555918167
YOYOBTC,2018-11-25 18:06:15.754000+00:00,2018-11-25 19:17:10.710000+00:00,-0.04249888258607454
YOYOBTC,2018-11-27 19:34:53.902000+00:00,2018-11-27 21:51:47.754000+00:00,-0.03837431509532213
YOYOBTC,2018-11-27 23:33:51.132000+00:00,2018-11-28 20:30:08.114000+00:00,-0.030625598608481464
YOYOBTC,2018-11-28 21:15:30.728000+00:00,2018-11-29 02:48:29.228000+00:00,-0.0362500329014267
YOYOBTC,2018-11-29 05:13:17.184000+00:00,2018-11-29 10:30:43.476000+00:00,-0.016936858692058854
YOYOBTC,2018-12-01 10:32:28.428000+00:00,2018-12-01 16:23:27.172000+00:00,-0.015969204941014892
YOYOBTC,2018-12-01 17:25:38.012000+00:00,2018-12-03 14:09:34.292000+00:00,0.002840974513808603
YOYOBTC,2018-12-05 14:09:51.224000+00:00,2018-12-06 05:06:15.550000+00:00,-0.006540019429535693
YOYOBTC,2018-12-06 06:16:08.494000+00:00,2018-12-06 12:24:15.470000+00:00,-0.015319454063022486
YOYOBTC,2018-12-06 16:25:34.732000+00:00,2018-12-07 02:53:03.214000+00:00,-0.01696851684409273
YOYOBTC,2018-12-07 03:04:19.366000+00:00,2018-12-07 08:58:02.146000+00:00,-0.024131962577423838
YOYOBTC,2018-12-07 09:09:22.300000+00:00,2018-12-07 16:23:50.172000+00:00,-0.03409452779774491
YOYOBTC,2018-12-07 18:06:39.562000+00:00,2018-12-08 09:04:23.696000+00:00,-0.025904959476207745
YOYOBTC,2018-12-08 09:38:54.162000+00:00,2018-12-09 18:40:44.972000+00:00,-0.006982610716617099
YOYOBTC,2018-12-11 18:41:31.910000+00:00,2018-12-13 06:58:09.720000+00:00,-0.003597940326100668
YOYOBTC,2018-12-13 07:09:13.870000+00:00,2018-12-13 20:41:04.856000+00:00,-0.007503380206758115
YOYOBTC,2018-12-13 21:34:09.574000+00:00,2018-12-15 04:18:38.504000+00:00,-0.004861198737065808
YOYOBTC,2018-12-15 04:43:56.864000+00:00,2018-12-15 07:26:05.038000+00:00,-0.010857509749774064
YOYOBTC,2018-12-15 07:37:17.188000+00:00,2018-12-15 10:14:05.310000+00:00,-0.01765982722241416
YOYOBTC,2018-12-15 10:52:55.834000+00:00,2018-12-18 09:19:02.980000+00:00,-0.009172707131364699
YOYOBTC,2018-12-18 09:30:07.128000+00:00,2018-12-18 16:48:09.052000+00:00,-0.015135334102526987
YOYOBTC,2018-12-18 17:51:35.910000+00:00,2018-12-19 13:33:27.884000+00:00,0.0037185239844617635
YOYOBTC,2018-12-21 13:35:12.836000+00:00,2018-12-22 16:29:04.652000+00:00,0.0020008099124362855
YOYOBTC,2018-12-22 16:40:20.802000+00:00,2018-12-23 07:03:10.466000+00:00,0.001008141262634099
YOYOBTC,2018-12-23 07:15:10.628000+00:00,2018-12-24 10:36:20.828000+00:00,0.010000495844208757
YOYOBTC,2018-12-24 11:24:05.474000+00:00,2018-12-24 17:48:40.672000+00:00,0.006242531830233322
YOYOBTC,2018-12-24 18:00:24.830000+00:00,2018-12-25 00:34:56.656000+00:00,-0.0009994977867831545
YOYOBTC,2018-12-25 01:59:15.796000+00:00,2018-12-25 16:09:13.284000+00:00,-0.007822277056372007
YOYOBTC,2018-12-25 16:20:21.436000+00:00,2018-12-26 08:42:26.710000+00:00,-0.006626596021170383
YOYOBTC,2018-12-26 09:15:23.154000+00:00,2018-12-27 19:08:10.632000+00:00,-0.01997751908291623
YOYOBTC,2018-12-27 20:19:05.590000+00:00,2018-12-27 23:05:53.846000+00:00,-0.029069800266439294
YOYOBTC,2018-12-27 23:43:50.358000+00:00,2018-12-28 23:03:27.276000+00:00,-0.024845626756671235
YOYOBTC,2018-12-28 23:15:33.440000+00:00,2018-12-29 22:15:50.098000+00:00,-0.019183158224966135
YOYOBTC,2018-12-30 00:58:42.300000+00:00,2018-12-30 01:13:02.492000+00:00,0.005361005717588685
YOYOBTC,2019-01-01 01:14:19.438000+00:00,2019-01-04 14:44:58.816000+00:00,0.00508579232814893
YOYOBTC,2019-01-04 14:57:06.978000+00:00,2019-01-05 06:57:45.976000+00:00,0.006320487366740124
YOYOBTC,2019-01-05 07:09:12.130000+00:00,2019-01-06 02:12:35.588000+00:00,0.004550257305135197
YOYOBTC,2019-01-06 02:23:47.738000+00:00,2019-01-06 20:31:06.434000+00:00,0.00873810378166373
YOYOBTC,2019-01-06 21:18:35.076000+00:00,2019-01-07 05:16:01.530000+00:00,0.007725257799249652
YOYOBTC,2019-01-07 05:27:59.692000+00:00,2019-01-07 09:58:11.344000+00:00,0.005985740293418307
YOYOBTC,2019-01-07 10:30:31.782000+00:00,2019-01-08 01:45:38.150000+00:00,-0.002302247565419968
YOYOBTC,2019-01-08 01:57:00.304000+00:00,2019-01-08 14:05:18.150000+00:00,0.0025726155843388554
YOYOBTC,2019-01-08 15:07:42.992000+00:00,2019-01-08 15:34:31.354000+00:00,-0.0070804583809748745
YOYOBTC,2019-01-08 16:45:58.320000+00:00,2019-01-09 09:43:04.148000+00:00,-0.0007183696392927263
YOYOBTC,2019-01-09 10:31:34.822000+00:00,2019-01-10 06:40:13.184000+00:00,-0.007474171425533083
YOYOBTC,2019-01-10 07:47:46.098000+00:00,2019-01-10 14:26:57.496000+00:00,-0.013650456823055823
YOYOBTC,2019-01-10 14:38:39.652000+00:00,2019-01-10 16:40:05.294000+00:00,-0.01988034623825552
YOYOBTC,2019-01-10 17:50:20.244000+00:00,2019-01-11 18:07:25.938000+00:00,-0.011067991570141267
YOYOBTC,2019-01-11 19:09:34.780000+00:00,2019-01-12 08:38:29.712000+00:00,-0.018703545795111853
YOYOBTC,2019-01-12 09:46:46.636000+00:00,2019-01-13 09:21:13.754000+00:00,0.0003849556716066793
YOYOBTC,2019-01-15 09:21:50.692000+00:00,2019-01-15 15:45:15.876000+00:00,0.019392384313016986
YOYOBTC,2019-01-17 15:48:09.970000+00:00,2019-01-17 23:56:42.520000+00:00,0.017746120242672303
YOYOBTC,2019-01-18 00:09:16.938000+00:00,2019-01-18 18:28:50.404000+00:00,0.01267798191238384
YOYOBTC,2019-01-18 19:34:40.908000+00:00,2019-01-18 22:56:18.064000+00:00,0.035137053950636266
YOYOBTC,2019-01-20 22:56:37.812000+00:00,2019-01-21 04:17:56.690000+00:00,0.025579837640791747
YOYOBTC,2019-01-21 04:37:08.950000+00:00,2019-01-21 17:26:35.084000+00:00,0.03211175858888898
YOYOBTC,2019-01-21 17:39:15.256000+00:00,2019-01-22 06:19:59.240000+00:00,0.05397279791399229
YOYOBTC,2019-01-24 06:21:22.700000+00:00,2019-01-24 17:32:30.438000+00:00,0.049925390121573654
YOYOBTC,2019-01-24 17:44:38.604000+00:00,2019-01-25 07:36:49.170000+00:00,0.042717140098422646
YOYOBTC,2019-01-25 07:49:35.342000+00:00,2019-01-27 01:25:18.716000+00:00,0.04757416895393057
YOYOBTC,2019-01-27 01:38:08.890000+00:00,2019-01-27 07:31:11.570000+00:00,0.040311278060879696
YOYOBTC,2019-01-27 07:43:39.738000+00:00,2019-01-27 14:23:57.184000+00:00,0.02913668034586958
YOYOBTC,2019-01-27 16:41:33.044000+00:00,2019-01-28 02:09:27.460000+00:00,0.0242383265333328
YOYOBTC,2019-01-28 03:38:12.660000+00:00,2019-01-28 15:27:51.916000+00:00,0.014414170871283716
YOYOBTC,2019-01-28 17:03:08.502000+00:00,2019-01-28 22:06:16.600000+00:00,0.00993775715996914
YOYOBTC,2019-01-28 23:10:49.472000+00:00,2019-01-30 00:01:03.528000+00:00,0.011769442395523355
YOYOBTC,2019-01-30 00:48:16.166000+00:00,2019-01-31 03:48:08.202000+00:00,0.014983603368125598
YOYOBTC,2019-01-31 04:00:26.368000+00:00,2019-01-31 08:42:45.572000+00:00,0.007086172138723146
YOYOBTC,2019-01-31 09:34:02.266000+00:00,2019-01-31 10:24:15.674000+00:00,-0.0023215986025713065
YOYOBTC,2019-01-31 11:21:07.708000+00:00,2019-02-01 07:08:22.606000+00:00,-0.002591610494286356
YOYOBTC,2019-02-01 07:21:16.786000+00:00,2019-02-03 06:41:12.590000+00:00,0.0028288849885309553
YOYOBTC,2019-02-03 06:54:02.492000+00:00,2019-02-05 18:11:18.942000+00:00,-0.0030039883303439874
YOYOBTC,2019-02-05 18:23:37.108000+00:00,2019-02-08 21:25:16.750000+00:00,-0.004672484483337236
YOYOBTC,2019-02-08 21:37:42.918000+00:00,2019-02-09 20:22:02.736000+00:00,0.0173932110650874
YOYOBTC,2019-02-11 20:24:28.964000+00:00,2019-02-14 10:57:12.878000+00:00,0.016419116996954475
YOYOBTC,2019-02-14 11:09:51.048000+00:00,2019-02-16 20:32:34.746000+00:00,0.023837419433718643
YOYOBTC,2019-02-16 21:35:27.596000+00:00,2019-02-17 12:59:14.114000+00:00,0.026282539101113556
YOYOBTC,2019-02-17 13:11:04.278000+00:00,2019-02-17 18:39:20.708000+00:00,0.02936602794916099
YOYOBTC,2019-02-17 19:48:45.646000+00:00,2019-02-18 12:28:11.156000+00:00,0.020467228360882717
YOYOBTC,2019-02-18 12:40:57.328000+00:00,2019-02-18 16:53:03.444000+00:00,0.009377663905026201
YOYOBTC,2019-02-18 17:45:58.162000+00:00,2019-02-19 17:51:01.238000+00:00,0.03037108059897875
YOYOBTC,2019-02-21 23:31:49.356000+00:00,2019-02-22 10:52:22.552000+00:00,0.033822784278527585
YOYOBTC,2019-02-22 11:58:01.440000+00:00,2019-02-22 14:22:27.394000+00:00,0.026235923101977754
YOYOBTC,2019-02-22 14:35:11.564000+00:00,2019-02-23 06:36:43.584000+00:00,0.019168867508185028
YOYOBTC,2019-02-23 06:49:21.752000+00:00,2019-02-23 08:28:51.100000+00:00,0.012602079992375115
YOYOBTC,2019-02-23 09:13:19.702000+00:00,2019-02-23 17:52:33.310000+00:00,0.005967770243382797
YOYOBTC,2019-02-23 19:34:18.684000+00:00,2019-02-24 14:20:30.612000+00:00,-0.0033740153208433044
YOYOBTC,2019-02-24 15:52:47.860000+00:00,2019-02-25 16:25:35.574000+00:00,0.0043165824672117825
YOYOBTC,2019-02-25 19:35:38.294000+00:00,2019-02-26 05:56:00.778000+00:00,-0.0004999677675140424
YOYOBTC,2019-02-26 06:09:04.956000+00:00,2019-02-26 18:45:40.898000+00:00,0.0070557510675768875
YOYOBTC,2019-02-26 20:16:08.120000+00:00,2019-02-27 15:53:18.326000+00:00,0.00421147124175375
YOYOBTC,2019-02-27 16:54:23.150000+00:00,2019-02-27 21:09:28.208000+00:00,-0.004452541974166224
YOYOBTC,2019-02-27 21:50:26.950000+00:00,2019-02-28 10:03:42.550000+00:00,-0.009282313793933461
YOYOBTC,2019-02-28 10:16:26.722000+00:00,2019-03-01 19:38:51.444000+00:00,0.01281205725017609
YOYOBTC,2019-03-03 19:41:47.450000+00:00,2019-03-04 04:51:37.808000+00:00,0.011285045965115759
YOYOBTC,2019-03-04 06:04:31.832000+00:00,2019-03-04 10:24:24.948000+00:00,0.018507976143321225
YOYOBTC,2019-03-04 17:18:51.814000+00:00,2019-03-04 22:47:15.272000+00:00,0.010026667318039473
YOYOBTC,2019-03-04 22:57:49.414000+00:00,2019-03-05 12:41:29.026000+00:00,0.011539124334638662
YOYOBTC,2019-03-05 13:24:27.608000+00:00,2019-03-06 02:28:59.208000+00:00,0.01539917173953459
YOYOBTC,2019-03-06 03:26:21.984000+00:00,2019-03-08 04:16:15.980000+00:00,0.008663918323651154
YOYOBTC,2019-03-08 04:34:58.610000+00:00,2019-03-08 22:05:23.898000+00:00,-0.00048530169378591115
YOYOBTC,2019-03-08 23:16:51.406000+00:00,2019-03-10 14:29:38.902000+00:00,0.008372086491971575
YOYOBTC,2019-03-10 14:42:39.078000+00:00,2019-03-11 08:33:48.900000+00:00,0.0045534538591116
YOYOBTC,2019-03-11 08:44:01.036000+00:00,2019-03-11 16:13:48.680000+00:00,0.03331975300113227
YOYOBTC,2019-03-13 16:16:39.758000+00:00,2019-03-14 11:10:35.492000+00:00,0.03651860744436375
YOYOBTC,2019-03-14 12:13:34.342000+00:00,2019-03-14 14:02:37.816000+00:00,0.028333162929671085
YOYOBTC,2019-03-14 16:53:15.514000+00:00,2019-03-14 20:10:47.540000+00:00,0.018465521487038894
YOYOBTC,2019-03-14 22:19:41.340000+00:00,2019-03-15 19:03:46.988000+00:00,0.04172434760952731
YOYOBTC,2019-03-17 19:06:12.480000+00:00,2019-03-18 05:58:51.518000+00:00,0.03398458051294734
YOYOBTC,2019-03-18 06:12:03.696000+00:00,2019-03-19 06:16:37.002000+00:00,0.025073834085218627
YOYOBTC,2019-03-19 06:29:53.444000+00:00,2019-03-19 13:14:46.012000+00:00,0.017125847551749784
YOYOBTC,2019-03-19 13:25:02.150000+00:00,2019-03-21 13:59:51.212000+00:00,0.011844991322624843
YOYOBTC,2019-03-21 16:19:59.104000+00:00,2019-03-23 07:24:07.760000+00:00,0.03118141700719096
YOYOBTC,2019-03-25 07:24:47.784000+00:00,2019-03-25 16:39:41.104000+00:00,0.06483122920243428
YOYOBTC,2019-03-27 23:56:54.824000+00:00,2019-03-28 01:47:08.314000+00:00,0.05854134752941964
YOYOBTC,2019-03-28 04:05:32.186000+00:00,2019-03-28 05:36:26.702000+00:00,0.048939014953503945
YOYOBTC,2019-03-28 06:30:59.724000+00:00,2019-03-29 00:50:09.768000+00:00,0.05654257389043976
YOYOBTC,2019-03-29 02:57:10.976000+00:00,2019-03-29 05:43:37.226000+00:00,0.0531328364484735
YOYOBTC,2019-03-29 06:11:03.598000+00:00,2019-03-29 12:11:15.234000+00:00,0.04554434059542517
YOYOBTC,2019-03-29 13:28:09.238000+00:00,2019-03-31 06:11:52.042000+00:00,0.045264096478176696
YOYOBTC,2019-03-31 06:22:02.180000+00:00,2019-04-01 00:29:24.340000+00:00,0.05238882893589869
YOYOBTC,2019-04-01 01:10:18.894000+00:00,2019-04-01 01:54:57.496000+00:00,0.0510780695520639
YOYOBTC,2019-04-01 05:36:35.206000+00:00,2019-04-01 13:37:39.250000+00:00,0.04832827767778003
YOYOBTC,2019-04-01 14:48:00.200000+00:00,2019-04-02 03:45:05.202000+00:00,0.04458506122453115
YOYOBTC,2019-04-02 08:55:54.126000+00:00,2019-04-02 14:46:12.932000+00:00,0.03587516727804024
YOYOBTC,2019-04-02 15:26:19.474000+00:00,2019-04-02 23:41:34.366000+00:00,0.028138022699787657
YOYOBTC,2019-04-03 01:48:38.084000+00:00,2019-04-03 05:09:40.804000+00:00,0.02458017475466806
YOYOBTC,2019-04-03 07:09:31.508000+00:00,2019-04-03 17:00:39.262000+00:00,0.02267530757997227
YOYOBTC,2019-04-03 18:28:20.450000+00:00,2019-04-03 20:46:32.316000+00:00,0.012073460420685356
YOYOBTC,2019-04-03 22:21:47.666000+00:00,2019-04-04 04:14:12.654000+00:00,0.006197643636245309
YOYOBTC,2019-04-04 05:34:03.736000+00:00,2019-04-04 18:10:51.094000+00:00,0.010393891354134543
YOYOBTC,2019-04-04 18:21:09.236000+00:00,2019-04-05 08:16:43.402000+00:00,0.031071625124837965
YOYOBTC,2019-04-07 08:19:42.334000+00:00,2019-04-07 17:47:20.118000+00:00,0.052042172375700746
YOYOBTC,2019-04-09 17:50:07.144000+00:00,2019-04-10 12:35:18.686000+00:00,0.047700678510049443
YOYOBTC,2019-04-10 12:45:30.822000+00:00,2019-04-10 18:34:05.534000+00:00,0.03869078724789643
YOYOBTC,2019-04-10 20:40:04.276000+00:00,2019-04-11 00:01:31.504000+00:00,0.03299066067240336
YOYOBTC,2019-04-11 02:57:28.568000+00:00,2019-04-11 03:55:47.356000+00:00,0.025046839968966006
YOYOBTC,2019-04-11 05:26:58.588000+00:00,2019-04-11 11:27:55.468000+00:00,0.017102794430488677
YOYOBTC,2019-04-11 13:40:04.738000+00:00,2019-04-12 01:37:05.358000+00:00,0.014904963708471386
YOYOBTC,2019-04-12 03:18:36.730000+00:00,2019-04-12 14:27:45.706000+00:00,0.03690456528384334
YOYOBTC,2019-04-14 14:29:46.732000+00:00,2019-04-14 19:13:22.564000+00:00,0.061521499666343016
YOYOBTC,2019-04-16 19:18:09.934000+00:00,2019-04-17 02:16:22.696000+00:00,0.05943999933820132
YOYOBTC,2019-04-17 02:39:51.012000+00:00,2019-04-17 05:49:19.574000+00:00,0.05141721888318018
YOYOBTC,2019-04-17 07:38:41.052000+00:00,2019-04-18 04:37:19.678000+00:00,0.04211347201733939
YOYOBTC,2019-04-18 05:43:14.570000+00:00,2019-04-18 09:51:22.910000+00:00,0.03201402441062018
YOYOBTC,2019-04-18 11:07:33.072000+00:00,2019-04-18 13:21:59.302000+00:00,0.03667259216435309
YOYOBTC,2019-04-18 14:04:53.882000+00:00,2019-04-19 11:43:22.170000+00:00,0.057603236969371474
YOYOBTC,2019-04-21 11:43:56.982000+00:00,2019-04-22 18:18:45.602000+00:00,0.05168404853881475
YOYOBTC,2019-04-22 19:16:38.384000+00:00,2019-04-23 04:23:31.100000+00:00,0.04383598424301999
YOYOBTC,2019-04-23 05:41:25.204000+00:00,2019-04-23 12:48:49.478000+00:00,0.04223985519279905
YOYOBTC,2019-04-23 13:25:05.970000+00:00,2019-04-23 23:36:53.028000+00:00,0.036026072266151066
YOYOBTC,2019-04-23 23:47:07.034000+00:00,2019-04-24 01:33:31.052000+00:00,0.027112105083438975
YOYOBTC,2019-04-24 03:23:07.226000+00:00,2019-04-24 04:42:28.298000+00:00,0.018543617780896637
YOYOBTC,2019-04-24 05:27:30.908000+00:00,2019-04-24 07:46:42.790000+00:00,0.01060666897986634
YOYOBTC,2019-04-24 08:29:23.366000+00:00,2019-04-24 10:07:32.692000+00:00,0.008223870404057254
YOYOBTC,2019-04-24 10:46:13.216000+00:00,2019-04-24 12:28:30.598000+00:00,0.01648655610663924
YOYOBTC,2019-04-24 13:38:06.608000+00:00,2019-04-24 18:12:51.048000+00:00,0.011316119598657748
YOYOBTC,2019-04-25 00:02:36.190000+00:00,2019-04-25 16:44:41.020000+00:00,0.030286918507652028
YOYOBTC,2019-04-27 16:47:46.120000+00:00,2019-04-28 02:56:29.896000+00:00,0.024097539597746298
YOYOBTC,2019-04-28 03:06:52.034000+00:00,2019-04-28 17:00:46.852000+00:00,0.02083263266877816
YOYOBTC,2019-04-28 17:11:06.990000+00:00,2019-04-29 07:48:40.618000+00:00,0.012360854647973984
YOYOBTC,2019-04-29 08:51:31.468000+00:00,2019-04-29 12:32:16.452000+00:00,0.005200016411162578
YOYOBTC,2019-04-29 12:42:54.596000+00:00,2019-05-01 13:24:49.278000+00:00,0.00965583972982198
YOYOBTC,2019-05-01 13:35:01.414000+00:00,2019-05-02 12:05:14.358000+00:00,0.005540714449890793
YOYOBTC,2019-05-02 12:15:36.496000+00:00,2019-05-02 18:03:56.236000+00:00,0.03464140948034494
YOYOBTC,2019-05-04 20:04:04.954000+00:00,2019-05-04 21:31:34.948000+00:00,0.026810411819237545
YOYOBTC,2019-05-04 22:41:18.946000+00:00,2019-05-06 04:37:58.972000+00:00,0.053415674378632316
YOYOBTC,2019-05-08 04:39:49.116000+00:00,2019-05-08 11:40:39.696000+00:00,0.07775554045823452
YOYOBTC,2019-05-10 11:43:47.024000+00:00,2019-05-10 13:56:42.820000+00:00,0.1124836230172796
YOYOBTC,2019-05-12 14:00:04.058000+00:00,2019-05-13 04:26:37.746000+00:00,0.1369435426595481
YOYOBTC,2019-05-15 15:18:58.748000+00:00,2019-05-15 17:37:14.616000+00:00,0.13071962194434172
YOYOBTC,2019-05-15 17:47:42.758000+00:00,2019-05-15 18:58:53.720000+00:00,0.12446607830821393
YOYOBTC,2019-05-15 21:20:35.636000+00:00,2019-05-16 00:01:39.496000+00:00,0.1466370296742075
YOYOBTC,2019-05-18 00:43:32.988000+00:00,2019-05-18 18:17:40.208000+00:00,0.1474229640665089
YOYOBTC,2019-05-18 18:28:36.356000+00:00,2019-05-19 01:04:53.004000+00:00,0.14060816347466504
YOYOBTC,2019-05-19 01:15:33.210000+00:00,2019-05-19 01:26:17.358000+00:00,0.12495100874933535
YOYOBTC,2019-05-19 03:04:04.890000+00:00,2019-05-19 04:19:36.698000+00:00,0.11569313254659142
YOYOBTC,2019-05-19 04:41:04.856000+00:00,2019-05-19 10:39:36.100000+00:00,0.11085829510731815
YOYOBTC,2019-05-19 11:27:54.754000+00:00,2019-05-19 23:18:25.282000+00:00,0.1025705219362813
YOYOBTC,2019-05-20 00:21:08.128000+00:00,2019-05-20 13:52:50.814000+00:00,0.12671058392954826
YOYOBTC,2019-05-22 13:52:55.366000+00:00,2019-05-22 15:19:40.536000+00:00,0.15580277253958752
YOYOBTC,2019-05-24 18:14:58.260000+00:00,2019-05-25 01:26:40.544000+00:00,0.15337202031644342
YOYOBTC,2019-05-25 01:37:46.694000+00:00,2019-05-25 10:09:35.346000+00:00,0.144567435603982
YOYOBTC,2019-05-25 10:20:33.494000+00:00,2019-05-26 12:09:47.716000+00:00,0.15192354308783595
YOYOBTC,2019-05-26 14:47:01.902000+00:00,2019-05-26 17:29:22.788000+00:00,0.18433370345405525
YOYOBTC,2019-05-28 17:30:57.926000+00:00,2019-05-29 05:45:33.670000+00:00,0.1775692624254993
YOYOBTC,2019-05-29 06:46:26.774000+00:00,2019-05-29 14:03:45.394000+00:00,0.18158393593124583
YOYOBTC,2019-05-29 15:35:33.650000+00:00,2019-05-30 01:43:41.266000+00:00,0.17713820923682588
YOYOBTC,2019-05-30 02:24:15.814000+00:00,2019-05-30 15:53:50.884000+00:00,0.16843581624723714
YOYOBTC,2019-05-30 17:37:52.292000+00:00,2019-05-30 21:03:54.702000+00:00,0.1627656693194841
YOYOBTC,2019-05-30 23:22:54.174000+00:00,2019-05-31 04:44:26.520000+00:00,0.15390181280002224
YOYOBTC,2019-05-31 04:56:00.676000+00:00,2019-06-01 04:00:48.910000+00:00,0.1557751875467357
YOYOBTC,2019-06-01 05:04:25.768000+00:00,2019-06-02 05:52:47.942000+00:00,0.17722375156953651
YOYOBTC,2019-06-04 05:55:21.716000+00:00,2019-06-04 20:03:23.812000+00:00,0.1704990777564072
YOYOBTC,2019-06-04 20:26:00.116000+00:00,2019-06-07 12:07:08.422000+00:00,0.1926294075663349
YOYOBTC,2019-06-09 12:08:11.972000+00:00,2019-06-09 16:24:07.432000+00:00,0.18315266016846066
YOYOBTC,2019-06-09 17:26:26.274000+00:00,2019-06-10 09:56:40.506000+00:00,0.20783723706258966
YOYOBTC,2019-06-12 09:56:56.686000+00:00,2019-06-12 15:17:35.022000+00:00,0.2017328951794743
YOYOBTC,2019-06-12 16:39:50.132000+00:00,2019-06-13 19:50:00.524000+00:00,0.20630480727463263
YOYOBTC,2019-06-13 20:49:45.330000+00:00,2019-06-14 03:27:26.706000+00:00,0.23474936736004492
YOYOBTC,2019-06-16 03:28:04.652000+00:00,2019-06-16 05:16:20.116000+00:00,0.22475564073811088
YOYOBTC,2019-06-16 06:04:52.772000+00:00,2019-06-16 10:43:56.054000+00:00,0.24980261295047473
YOYOBTC,2019-06-18 10:54:32.146000+00:00,2019-06-18 11:46:58.126000+00:00,0.23906190594332638
YOYOBTC,2019-06-18 12:20:22.780000+00:00,2019-06-18 20:49:01.104000+00:00,0.24831457885053454
YOYOBTC,2019-06-18 21:53:25.974000+00:00,2019-06-19 01:25:54.846000+00:00,0.250805570984504
YOYOBTC,2019-06-19 02:13:23.488000+00:00,2019-06-19 13:44:14.812000+00:00,0.25879696822976006
YOYOBTC,2019-06-19 15:26:02.188000+00:00,2019-06-19 17:18:41.712000+00:00,0.2503905097567001
YOYOBTC,2019-06-19 18:17:50.512000+00:00,2019-06-19 22:11:12.680000+00:00,0.24185260345980125
YOYOBTC,2019-06-20 00:35:32.632000+00:00,2019-06-20 03:35:03.058000+00:00,0.2415213013915588
YOYOBTC,2019-06-20 04:15:43.606000+00:00,2019-06-20 08:32:39.078000+00:00,0.24119019800516672
YOYOBTC,2019-06-20 09:08:17.562000+00:00,2019-06-20 11:41:05.626000+00:00,0.2301956183792953
YOYOBTC,2019-06-20 13:53:15.414000+00:00,2019-06-20 15:19:54.586000+00:00,0.22215960869763812
YOYOBTC,2019-06-20 16:12:57.302000+00:00,2019-06-20 18:40:11.292000+00:00,0.22446713590118644
YOYOBTC,2019-06-21 03:05:40.124000+00:00,2019-06-21 03:42:38.624000+00:00,0.24870637303605186
YOYOBTC,2019-06-23 04:24:30.096000+00:00,2019-06-23 09:48:33.366000+00:00,0.24576288618742997
YOYOBTC,2019-06-23 10:07:31.622000+00:00,2019-06-23 14:58:45.566000+00:00,0.2358364709583084
YOYOBTC,2019-06-23 15:30:29.988000+00:00,2019-06-23 19:07:54.924000+00:00,0.22314939315257926
YOYOBTC,2019-06-23 23:30:22.544000+00:00,2019-06-24 01:45:05.506000+00:00,0.21259734355091153
YOYOBTC,2019-06-24 01:56:19.658000+00:00,2019-06-24 08:55:13.320000+00:00,0.21132822718049427
YOYOBTC,2019-06-24 09:56:42.152000+00:00,2019-06-24 10:23:26.514000+00:00,0.19965319083613525
YOYOBTC,2019-06-24 11:40:17.554000+00:00,2019-06-24 16:13:38.574000+00:00,0.1907895473545298
YOYOBTC,2019-06-24 18:37:33.242000+00:00,2019-06-24 23:57:06.996000+00:00,0.19047482375783464
YOYOBTC,2019-06-25 00:08:19.148000+00:00,2019-06-25 04:50:28.724000+00:00,0.18012130097445067
YOYOBTC,2019-06-25 05:01:46.878000+00:00,2019-06-25 06:21:36.568000+00:00,0.1696457082596723
YOYOBTC,2019-06-25 06:59:52.584000+00:00,2019-06-25 16:33:04.110000+00:00,0.16422470490103003
YOYOBTC,2019-06-25 16:59:33.478000+00:00,2019-06-25 22:00:48.554000+00:00,0.15771397045740904
YOYOBTC,2019-06-25 23:22:03.644000+00:00,2019-06-26 00:39:55.032000+00:00,0.14491483262196947
YOYOBTC,2019-06-26 01:49:09.968000+00:00,2019-06-26 04:01:09.178000+00:00,0.1360396527114292
YOYOBTC,2019-06-26 08:30:28.306000+00:00,2019-06-26 10:56:00.364000+00:00,0.13815962326593462
YOYOBTC,2019-06-26 11:43:27.004000+00:00,2019-06-26 12:59:08.028000+00:00,0.14139399833736926
YOYOBTC,2019-06-26 15:02:57.700000+00:00,2019-06-26 16:30:24.276000+00:00,0.13403678076982573
YOYOBTC,2019-06-26 19:49:58.976000+00:00,2019-06-26 20:46:37.740000+00:00,0.15584755393742988
YOYOBTC,2019-06-28 20:57:49.396000+00:00,2019-06-29 09:41:04.728000+00:00,0.1786604213139446
YOYOBTC,2019-07-01 09:41:38.024000+00:00,2019-07-01 20:06:31.564000+00:00,0.1851317879355706
YOYOBTC,2019-07-01 20:18:03.720000+00:00,2019-07-02 08:59:56.078000+00:00,0.18814585693524605
YOYOBTC,2019-07-02 09:55:07.844000+00:00,2019-07-02 14:37:10.370000+00:00,0.17383195650276423
YOYOBTC,2019-07-02 15:50:13.356000+00:00,2019-07-02 19:28:02.300000+00:00,0.16792448574862823
YOYOBTC,2019-07-02 20:31:51.162000+00:00,2019-07-03 00:18:38.228000+00:00,0.16417881158958708
YOYOBTC,2019-07-03 02:29:54.004000+00:00,2019-07-03 05:46:56.668000+00:00,0.16505077489105013
YOYOBTC,2019-07-03 06:20:45.170000+00:00,2019-07-03 10:12:08.298000+00:00,0.16823837487084947
YOYOBTC,2019-07-03 11:35:29.424000+00:00,2019-07-03 13:25:28.912000+00:00,0.15896762901838013
YOYOBTC,2019-07-03 14:27:05.744000+00:00,2019-07-03 18:18:28.082000+00:00,0.16549992494708082
YOYOBTC,2019-07-03 22:02:19.516000+00:00,2019-07-03 22:33:21.936000+00:00,0.1448672517811767
YOYOBTC,2019-07-04 00:00:51.118000+00:00,2019-07-04 00:27:29.478000+00:00,0.16607060154524356
YOYOBTC,2019-07-06 00:30:17.422000+00:00,2019-07-06 10:12:33.294000+00:00,0.1553945907596619
YOYOBTC,2019-07-06 11:00:01.934000+00:00,2019-07-06 15:45:29.456000+00:00,0.14252543488788022
YOYOBTC,2019-07-06 16:57:05.642000+00:00,2019-07-07 12:19:24.224000+00:00,0.14440024222553427
YOYOBTC,2019-07-07 12:30:48.378000+00:00,2019-07-07 18:00:30.836000+00:00,0.14194135029826377
YOYOBTC,2019-07-07 19:15:27.848000+00:00,2019-07-08 07:49:33.644000+00:00,0.1309872259267768
YOYOBTC,2019-07-08 08:01:27.806000+00:00,2019-07-08 09:03:26.644000+00:00,0.10683006536891909
YOYOBTC,2019-07-08 10:22:39.712000+00:00,2019-07-08 10:54:12.140000+00:00,0.09733425437713816
YOYOBTC,2019-07-08 12:36:13.520000+00:00,2019-07-08 19:38:33.084000+00:00,0.09705027250808695
YOYOBTC,2019-07-08 20:55:15.126000+00:00,2019-07-08 23:29:27.212000+00:00,0.09319258169641809
YOYOBTC,2019-07-08 23:40:55.366000+00:00,2019-07-09 02:03:29.292000+00:00,0.08460743197038156
YOYOBTC,2019-07-09 03:25:52.406000+00:00,2019-07-09 16:10:42.872000+00:00,0.08557587934417488
YOYOBTC,2019-07-09 17:24:57.878000+00:00,2019-07-09 20:19:04.230000+00:00,0.10555557465205911
YOYOBTC,2019-07-11 20:19:08.116000+00:00,2019-07-12 01:25:56.264000+00:00,0.09768362301043848
YOYOBTC,2019-07-12 01:38:02.428000+00:00,2019-07-12 07:19:00.042000+00:00,0.08967384340095491
YOYOBTC,2019-07-12 07:58:15.038000+00:00,2019-07-12 13:44:01.580000+00:00,0.09327493043253998
YOYOBTC,2019-07-12 13:55:41.740000+00:00,2019-07-12 20:56:59.432000+00:00,0.08541064948315591
YOYOBTC,2019-07-12 22:01:52.310000+00:00,2019-07-13 21:11:06.370000+00:00,0.1080925739562082
YOYOBTC,2019-07-15 21:12:10.466000+00:00,2019-07-16 14:58:35.596000+00:00,0.10031739445003507
YOYOBTC,2019-07-16 15:10:21.754000+00:00,2019-07-16 17:07:07.332000+00:00,0.09545830259013721
YOYOBTC,2019-07-16 18:16:44.272000+00:00,2019-07-16 21:52:01.184000+00:00,0.09517590088050948
YOYOBTC,2019-07-16 22:36:53.790000+00:00,2019-07-17 10:34:58.378000+00:00,0.09334449203834566
YOYOBTC,2019-07-17 10:46:32.534000+00:00,2019-07-17 19:05:41.280000+00:00,0.09615429115736662
YOYOBTC,2019-07-17 19:17:43.444000+00:00,2019-07-18 12:58:55.140000+00:00,0.09893795724191179
YOYOBTC,2019-07-18 13:10:41.300000+00:00,2019-07-18 14:41:16.524000+00:00,0.09409319191220011
YOYOBTC,2019-07-18 16:08:33.706000+00:00,2019-07-19 02:50:26.728000+00:00,0.0841674796933094
YOYOBTC,2019-07-19 03:02:14.890000+00:00,2019-07-19 12:18:46.608000+00:00,0.0789499515831023
YOYOBTC,2019-07-19 12:30:38.770000+00:00,2019-07-20 17:12:54.390000+00:00,0.08198549329310528
YOYOBTC,2019-07-20 18:03:29.462000+00:00,2019-07-23 06:43:12.042000+00:00,0.08823513640621378
YOYOBTC,2019-07-23 06:55:06.294000+00:00,2019-07-23 07:39:21.238000+00:00,0.07988630622588228
YOYOBTC,2019-07-23 07:58:57.502000+00:00,2019-07-25 01:28:38.058000+00:00,0.08286372080530297
YOYOBTC,2019-07-25 01:44:48.278000+00:00,2019-07-27 00:46:17.644000+00:00,0.08896359555163141
YOYOBTC,2019-07-27 01:38:48.354000+00:00,2019-07-28 22:55:44.920000+00:00,0.08397907519040487
YOYOBTC,2019-07-28 23:07:43.082000+00:00,2019-07-30 04:17:28.336000+00:00,0.07899626404016907
YOYOBTC,2019-07-30 04:29:12.494000+00:00,2019-07-31 11:44:06.926000+00:00,0.0818565216461351
YOYOBTC,2019-07-31 11:55:53.084000+00:00,2019-07-31 14:35:08.570000+00:00,0.07380445498990729
YOYOBTC,2019-07-31 14:47:00.732000+00:00,2019-08-01 00:04:59.320000+00:00,0.07194435733829552
YOYOBTC,2019-08-01 00:16:57.482000+00:00,2019-08-01 06:10:02.286000+00:00,0.06526909417007604
YOYOBTC,2019-08-01 06:21:49.518000+00:00,2019-08-01 12:18:58.284000+00:00,0.05529809310457351
YOYOBTC,2019-08-01 12:31:00.360000+00:00,2019-08-01 19:04:13.402000+00:00,0.045205796962462685
YOYOBTC,2019-08-01 19:16:31.680000+00:00,2019-08-01 20:55:40.906000+00:00,0.03643347978347483
YOYOBTC,2019-08-01 21:07:27.066000+00:00,2019-08-02 20:53:54.526000+00:00,0.05518178971691845
YOYOBTC,2019-08-04 20:56:54.860000+00:00,2019-08-05 01:09:06.308000+00:00,0.04214015782072705
YOYOBTC,2019-08-05 01:20:56.430000+00:00,2019-08-05 01:53:04.862000+00:00,0.030710126874012922
YOYOBTC,2019-08-05 02:57:31.734000+00:00,2019-08-05 07:36:23.454000+00:00,0.014646140214805037
YOYOBTC,2019-08-05 08:33:50.230000+00:00,2019-08-05 17:10:58.244000+00:00,0.016436913377185502
YOYOBTC,2019-08-05 17:23:16.246000+00:00,2019-08-05 22:41:49.460000+00:00,0.016180336074569424
YOYOBTC,2019-08-05 22:54:07.626000+00:00,2019-08-06 06:27:23.754000+00:00,0.009824698122922138
YOYOBTC,2019-08-06 06:39:17.914000+00:00,2019-08-06 18:34:06.292000+00:00,0.009570256401438493
YOYOBTC,2019-08-06 18:46:12.456000+00:00,2019-08-06 23:47:51.040000+00:00,0.011364635362610453
YOYOBTC,2019-08-06 23:59:54.302000+00:00,2019-08-07 01:56:58.240000+00:00,0.03130796972505251
YOYOBTC,2019-08-09 01:57:18.760000+00:00,2019-08-09 08:27:23.392000+00:00,0.024896360346319202
YOYOBTC,2019-08-09 08:39:40.336000+00:00,2019-08-09 12:55:33.794000+00:00,0.018386269999094818
YOYOBTC,2019-08-09 13:07:27.956000+00:00,2019-08-09 14:58:13.452000+00:00,0.013892189911563713
YOYOBTC,2019-08-09 15:55:38.226000+00:00,2019-08-09 18:13:28.036000+00:00,0.02220652805259482
YOYOBTC,2019-08-09 18:25:20.196000+00:00,2019-08-09 20:54:37.370000+00:00,0.015620473878928842
YOYOBTC,2019-08-10 00:00:33.884000+00:00,2019-08-10 10:13:15.794000+00:00,0.03419906966348424
YOYOBTC,2019-08-12 10:17:15.678000+00:00,2019-08-13 15:48:33.660000+00:00,0.0400503589806423
YOYOBTC,2019-08-13 16:00:37.822000+00:00,2019-08-14 09:39:03.540000+00:00,0.061659876871494435
YOYOBTC,2019-08-16 09:42:54.292000+00:00,2019-08-16 11:52:30.042000+00:00,0.057123160297284536
YOYOBTC,2019-08-16 12:04:36.204000+00:00,2019-08-16 15:43:36.688000+00:00,0.052576766628513405
YOYOBTC,2019-08-16 16:50:07.544000+00:00,2019-08-16 17:35:20.156000+00:00,0.04560520099559262
YOYOBTC,2019-08-16 17:47:56.326000+00:00,2019-08-18 13:57:15.036000+00:00,0.05436029465032133
YOYOBTC,2019-08-18 14:10:03.210000+00:00,2019-08-19 07:08:52.300000+00:00,0.04754401595040625
YOYOBTC,2019-08-19 07:21:36.472000+00:00,2019-08-19 20:11:05.700000+00:00,0.0428386435706013
YOYOBTC,2019-08-19 20:23:45.870000+00:00,2019-08-20 13:48:32.202000+00:00,0.06261543686611404
YOYOBTC,2019-08-22 13:48:37.310000+00:00,2019-08-22 20:25:47.104000+00:00,0.054504642813428816
YOYOBTC,2019-08-22 20:37:57.268000+00:00,2019-08-23 13:58:50.212000+00:00,0.04623596958470416
YOYOBTC,2019-08-23 14:11:42.386000+00:00,2019-08-24 10:46:46.120000+00:00,0.06809998425621722
YOYOBTC,2019-08-26 10:51:01.942000+00:00,2019-08-26 12:09:39.008000+00:00,0.06239370437521902
YOYOBTC,2019-08-26 12:24:41.208000+00:00,2019-08-26 15:40:48.072000+00:00,0.08247141019764548
YOYOBTC,2019-08-28 15:43:40.606000+00:00,2019-08-28 19:54:46+00:00,0.07254452739853462
YOYOBTC,2019-08-28 20:07:18.170000+00:00,2019-08-29 05:57:12.148000+00:00,0.06831586579371718
YOYOBTC,2019-08-29 06:12:50.362000+00:00,2019-08-29 13:46:12.482000+00:00,0.06607704496889233
YOYOBTC,2019-08-29 14:51:47.370000+00:00,2019-08-30 01:35:42.076000+00:00,0.06384445949211753
YOYOBTC,2019-08-30 01:48:46.062000+00:00,2019-08-31 00:29:33.254000+00:00,0.06357596270797167
YOYOBTC,2019-08-31 00:41:41.418000+00:00,2019-08-31 17:03:56.042000+00:00,0.057437537214534706
YOYOBTC,2019-08-31 17:16:58.050000+00:00,2019-09-01 03:18:22.706000+00:00,0.04934320504081202
YOYOBTC,2019-09-01 03:30:26.868000+00:00,2019-09-01 22:14:34.066000+00:00,0.04308734357606697
YOYOBTC,2019-09-01 22:26:42.228000+00:00,2019-09-02 03:26:18.278000+00:00,0.03283707588501206
YOYOBTC,2019-09-02 03:38:20.456000+00:00,2019-09-02 14:11:16.996000+00:00,0.024435079187240805
YOYOBTC,2019-09-02 14:23:05.156000+00:00,2019-09-02 18:36:50.584000+00:00,0.019982915543497237
YOYOBTC,2019-09-02 18:48:36.762000+00:00,2019-09-02 20:55:50.464000+00:00,0.015485726590463267
YOYOBTC,2019-09-02 21:07:52.628000+00:00,2019-09-03 13:05:53.576000+00:00,0.01090550439189078
YOYOBTC,2019-09-03 13:17:45.736000+00:00,2019-09-03 22:25:27.140000+00:00,0.010653579102718275
YOYOBTC,2019-09-03 22:38:29.346000+00:00,2019-09-04 12:35:16.626000+00:00,0.01707939167279629
YOYOBTC,2019-09-04 12:47:12.808000+00:00,2019-09-04 16:45:10.004000+00:00,0.014660204197851828
YOYOBTC,2019-09-04 16:57:40.174000+00:00,2019-09-04 20:30:09.030000+00:00,0.007875383784469364
YOYOBTC,2019-09-04 20:42:41.200000+00:00,2019-09-04 22:51:36.944000+00:00,0.0031916890702223533
YOYOBTC,2019-09-04 23:03:31.104000+00:00,2019-09-05 12:29:35.998000+00:00,-0.0015037240778147665
YOYOBTC,2019-09-05 12:41:30.160000+00:00,2019-09-05 18:57:31.244000+00:00,-0.006211035151308469
YOYOBTC,2019-09-05 19:09:27.404000+00:00,2019-09-05 20:17:38.326000+00:00,-0.006457303258609853
YOYOBTC,2019-09-05 20:29:42.488000+00:00,2019-09-05 23:33:28.972000+00:00,-0.013173799992008739
YOYOBTC,2019-09-05 23:45:27.136000+00:00,2019-09-06 05:24:17.714000+00:00,-0.013417833642129062
YOYOBTC,2019-09-06 05:36:15.892000+00:00,2019-09-06 08:24:40.152000+00:00,-0.01805169240179555
YOYOBTC,2019-09-06 08:37:12.338000+00:00,2019-09-06 11:35:12.728000+00:00,-0.029302433412622314
YOYOBTC,2019-09-06 11:47:06.906000+00:00,2019-09-06 16:06:06.390000+00:00,-0.03846634183329936
YOYOBTC,2019-09-06 16:17:56.566000+00:00,2019-09-07 06:59:58.966000+00:00,-0.020554311086030785
YOYOBTC,2019-09-09 07:03:25.714000+00:00,2019-09-09 12:27:24.092000+00:00,-0.014503111916741723
YOYOBTC,2019-09-09 12:39:42.260000+00:00,2019-09-10 02:20:47.696000+00:00,0.003628659374024734
YOYOBTC,2019-09-12 02:23:14.226000+00:00,2019-09-12 06:48:19.682000+00:00,-0.003977347063612968
YOYOBTC,2019-09-12 07:00:35.682000+00:00,2019-09-12 10:09:19.920000+00:00,-0.013611418057233732
YOYOBTC,2019-09-12 10:21:38.086000+00:00,2019-09-13 00:40:32.576000+00:00,-0.013854665076756673
YOYOBTC,2019-09-13 00:52:44.740000+00:00,2019-09-13 08:35:45.796000+00:00,0.009216605920499776
YOYOBTC,2019-09-15 08:35:58.740000+00:00,2019-09-15 11:04:54.754000+00:00,0.007323947909889328
YOYOBTC,2019-09-15 11:17:14.920000+00:00,2019-09-15 13:34:10.770000+00:00,0.025217447255695746
YOYOBTC,2019-09-17 13:37:53.302000+00:00,2019-09-19 02:22:07.328000+00:00,0.020793452923703104
YOYOBTC,2019-09-19 02:34:27.494000+00:00,2019-09-19 04:38:54.388000+00:00,0.014950589042445617
YOYOBTC,2019-09-19 04:51:10.602000+00:00,2019-09-19 20:17:27.126000+00:00,0.008992237174574258
YOYOBTC,2019-09-19 21:18:51.956000+00:00,2019-09-20 16:33:47.836000+00:00,0.017437451569974838
YOYOBTC,2019-09-20 16:46:08.004000+00:00,2019-09-22 01:57:00.092000+00:00,0.01577934023732097
YOYOBTC,2019-09-22 02:09:30.260000+00:00,2019-09-22 19:56:54.688000+00:00,0.012706271074494152
YOYOBTC,2019-09-22 20:10:10.866000+00:00,2019-09-23 08:58:36.710000+00:00,0.030931750215388715
YOYOBTC,2019-09-25 09:06:14.952000+00:00,2019-09-25 22:27:35.834000+00:00,0.050194595834407135
YOYOBTC,2019-09-27 22:29:18.988000+00:00,2019-09-28 17:09:05.548000+00:00,0.07089419073392386
YOYOBTC,2019-09-30 17:45:26.774000+00:00,2019-09-30 23:20:03.298000+00:00,0.06617116024911993
YOYOBTC,2019-09-30 23:33:19.478000+00:00,2019-10-01 00:57:52.620000+00:00,0.08693131631939163
YOYOBTC,2019-10-03 00:59:43.866000+00:00,2019-10-03 14:25:48.374000+00:00,0.08096341611358607
YOYOBTC,2019-10-03 15:32:49.278000+00:00,2019-10-05 00:15:31.672000+00:00,0.07778875180588471
YOYOBTC,2019-10-05 00:28:01.840000+00:00,2019-10-05 13:19:27.220000+00:00,0.07024731007575988
YOYOBTC,2019-10-05 13:32:07.496000+00:00,2019-10-06 07:08:27.412000+00:00,0.06700009890195821
YOYOBTC,2019-10-06 07:21:03.584000+00:00,2019-10-07 10:24:39.780000+00:00,0.08613753253604625
YOYOBTC,2019-10-09 10:26:18.340000+00:00,2019-10-09 14:17:03.996000+00:00,0.07894432539835636
YOYOBTC,2019-10-09 16:27:15.754000+00:00,2019-10-10 07:44:30.414000+00:00,0.07711047562281945
YOYOBTC,2019-10-10 08:27:16.992000+00:00,2019-10-10 11:26:37.416000+00:00,0.06747678338706178
YOYOBTC,2019-10-10 11:39:19.588000+00:00,2019-10-10 20:29:55.656000+00:00,0.06561163861661859
YOYOBTC,2019-10-10 20:42:27.828000+00:00,2019-10-11 04:55:05.980000+00:00,0.049391135881961756
YOYOBTC,2019-10-11 06:32:27.296000+00:00,2019-10-12 16:28:59.178000+00:00,0.06850412490363722
YOYOBTC,2019-10-14 16:31:32.686000+00:00,2019-10-15 16:44:48.604000+00:00,0.06823829121321096
YOYOBTC,2019-10-15 16:57:32.776000+00:00,2019-10-15 23:54:20.668000+00:00,0.05854982656364566
YOYOBTC,2019-10-16 00:06:54.838000+00:00,2019-10-16 09:57:04.782000+00:00,0.05033476460182512
YOYOBTC,2019-10-16 10:09:54.956000+00:00,2019-10-16 12:34:50.916000+00:00,0.0387750526413162
YOYOBTC,2019-10-16 13:08:53.376000+00:00,2019-10-17 16:35:13.404000+00:00,0.05647934140984012
YOYOBTC,2019-10-19 16:36:47.422000+00:00,2019-10-20 19:11:28.876000+00:00,0.05457238068762832
YOYOBTC,2019-10-20 19:24:11.048000+00:00,2019-10-21 16:53:33.164000+00:00,0.0559626202689944
YOYOBTC,2019-10-21 17:06:59.346000+00:00,2019-10-23 03:47:15.860000+00:00,0.055701095461397954
YOYOBTC,2019-10-23 04:00:46.042000+00:00,2019-10-23 13:00:59.344000+00:00,0.04075248106033208
YOYOBTC,2019-10-23 14:02:27.112000+00:00,2019-10-24 08:29:07.564000+00:00,0.03879664741663491
YOYOBTC,2019-10-24 08:41:57.736000+00:00,2019-10-25 07:33:07.190000+00:00,0.04536423739126205
YOYOBTC,2019-10-25 07:46:27.370000+00:00,2019-10-25 15:39:23.346000+00:00,0.040084517595993185
YOYOBTC,2019-10-25 15:52:35.524000+00:00,2019-10-25 17:28:02.814000+00:00,0.03285884448184176
YOYOBTC,2019-10-25 17:41:10.992000+00:00,2019-10-26 00:39:21.368000+00:00,0.025601084369993532
YOYOBTC,2019-10-26 00:52:25.540000+00:00,2019-10-26 01:45:00.252000+00:00,0.01097021444958568
YOYOBTC,2019-10-26 02:46:05.342000+00:00,2019-10-26 04:08:57.574000+00:00,0.003344394490890329
YOYOBTC,2019-10-26 04:21:59.750000+00:00,2019-10-26 05:27:24.634000+00:00,-0.007945133389251624
YOYOBTC,2019-10-26 05:40:29.348000+00:00,2019-10-26 06:55:29.342000+00:00,-0.013843742333513626
YOYOBTC,2019-10-26 07:09:05.346000+00:00,2019-10-26 12:42:30.078000+00:00,-0.01785558717755334
YOYOBTC,2019-10-27 00:00:43.756000+00:00,2019-10-27 03:10:10.318000+00:00,-0.019955438646539286
YOYOBTC,2019-10-27 03:23:40.500000+00:00,2019-10-27 07:32:21.862000+00:00,-0.018379842568350596
YOYOBTC,2019-10-27 07:46:06.046000+00:00,2019-10-27 09:31:39.474000+00:00,-0.02572114695856037
YOYOBTC,2019-10-27 09:45:04.664000+00:00,2019-10-27 10:33:13.034000+00:00,-0.034817401409857035
YOYOBTC,2019-10-27 10:46:59.220000+00:00,2019-10-27 11:13:25.578000+00:00,-0.040551881544926255
YOYOBTC,2019-10-28 00:02:58.796000+00:00,2019-10-28 01:26:11.922000+00:00,-0.040783216856396465
YOYOBTC,2019-10-28 01:39:20.098000+00:00,2019-10-28 02:46:23.006000+00:00,-0.014364561539441045
YOYOBTC,2019-10-30 02:47:13.398000+00:00,2019-10-30 12:14:12.268000+00:00,-0.007631172947448195
YOYOBTC,2019-10-30 12:27:18.446000+00:00,2019-10-30 15:20:11.820000+00:00,-0.009567587950610607
YOYOBTC,2019-10-30 15:33:11.996000+00:00,2019-10-31 09:56:05.652000+00:00,-0.00810510240406373
YOYOBTC,2019-10-31 10:09:25.832000+00:00,2019-10-31 12:19:07.586000+00:00,-0.01681285061132326
YOYOBTC,2019-10-31 12:32:57.772000+00:00,2019-11-01 01:03:14.918000+00:00,0.00030568079607640186
YOYOBTC,2019-11-03 01:06:25.272000+00:00,2019-11-04 11:19:22.492000+00:00,-0.003196981585031622
YOYOBTC,2019-11-04 11:32:36.668000+00:00,2019-11-04 15:38:00.662000+00:00,-0.008371944848606983
YOYOBTC,2019-11-04 15:51:58.852000+00:00,2019-11-04 20:31:44.438000+00:00,-0.01683472227741084
YOYOBTC,2019-11-04 21:30:05.270000+00:00,2019-11-05 00:36:03.868000+00:00,-0.013703803934493136
YOYOBTC,2019-11-05 00:49:08.044000+00:00,2019-11-05 18:27:24.646000+00:00,0.003083006427708812
YOYOBTC,2019-11-07 18:27:38.252000+00:00,2019-11-08 16:12:33.992000+00:00,-0.0005634861978702221
YOYOBTC,2019-11-08 16:25:44.172000+00:00,2019-11-10 16:33:04.414000+00:00,-0.0008058739656670311
YOYOBTC,2019-11-10 16:46:54.602000+00:00,2019-11-14 11:47:40.606000+00:00,0.0023365013250065403
YOYOBTC,2019-11-14 12:01:12.790000+00:00,2019-11-18 09:30:06.396000+00:00,0.02051788863722173
YOYOBTC,2019-11-20 09:31:00.208000+00:00,2019-11-20 15:04:59.582000+00:00,0.01729647839973103
YOYOBTC,2019-11-20 15:18:25.848000+00:00,2019-11-21 06:02:09.864000+00:00,0.011092402365884574
YOYOBTC,2019-11-21 06:16:04.052000+00:00,2019-11-21 08:53:16.178000+00:00,0.0032768754485471285
YOYOBTC,2019-11-21 09:07:02.364000+00:00,2019-11-21 12:31:41.300000+00:00,0.0014770155007251817
YOYOBTC,2019-11-21 12:45:07.484000+00:00,2019-11-21 17:42:07.140000+00:00,-0.0018911879761598915
YOYOBTC,2019-11-21 17:55:39.150000+00:00,2019-11-22 06:35:54.344000+00:00,0.015093267162753471
YOYOBTC,2019-11-24 06:39:23.972000+00:00,2019-11-24 06:48:44.098000+00:00,0.005615290085698471
YOYOBTC,2019-11-24 07:02:34.284000+00:00,2019-11-24 14:17:54.168000+00:00,0.0022530235670222554
YOYOBTC,2019-11-24 14:32:08.360000+00:00,2019-11-24 20:18:21.148000+00:00,-0.001134644269500773
YOYOBTC,2019-11-24 20:31:31.134000+00:00,2019-11-25 04:19:49.848000+00:00,-0.007638234098256924
YOYOBTC,2019-11-25 05:19:24.652000+00:00,2019-11-25 06:05:39.276000+00:00,0.009199391426351178
YOYOBTC,2019-11-27 06:05:57.712000+00:00,2019-11-27 09:45:44.682000+00:00,0.008955100480014633
YOYOBTC,2019-11-27 09:59:34.870000+00:00,2019-11-27 12:16:34.722000+00:00,2.3101313847972982e-07
YOYOBTC,2019-11-27 13:20:17.096000+00:00,2019-11-27 17:00:26.652000+00:00,-0.010471594471244572
YOYOBTC,2019-11-27 18:07:53.562000+00:00,2019-11-28 15:37:43.088000+00:00,-0.00460878573235457
YOYOBTC,2019-11-28 17:05:53.134000+00:00,2019-11-29 06:20:25.848000+00:00,0.012792262970171525
YOYOBTC,2019-12-01 07:41:12.456000+00:00,2019-12-01 10:44:24.602000+00:00,0.011209769259556773
YOYOBTC,2019-12-01 11:55:15.560000+00:00,2019-12-01 13:56:40.566000+00:00,0.013634307716288374
YOYOBTC,2019-12-01 14:10:20.752000+00:00,2019-12-01 18:02:27.890000+00:00,0.013389196822927996
YOYOBTC,2019-12-01 18:16:04.072000+00:00,2019-12-01 23:18:58.166000+00:00,0.009197153302291594
YOYOBTC,2019-12-01 23:32:16.346000+00:00,2019-12-02 03:35:46.094000+00:00,0.004963512333618414
YOYOBTC,2019-12-02 03:49:24.278000+00:00,2019-12-02 07:54:09.792000+00:00,0.0006870560038551299
YOYOBTC,2019-12-02 08:08:35.988000+00:00,2019-12-02 17:01:17.188000+00:00,-0.00508714303746946
YOYOBTC,2019-12-02 17:14:51.372000+00:00,2019-12-03 05:06:03.224000+00:00,-0.008136817535555924
YOYOBTC,2019-12-03 05:19:25.404000+00:00,2019-12-03 15:44:45.100000+00:00,-0.013972875405746626
YOYOBTC,2019-12-03 15:58:19.334000+00:00,2019-12-04 12:20:30.508000+00:00,0.005465164583033949
YOYOBTC,2019-12-06 12:24:54.728000+00:00,2019-12-06 13:34:04.544000+00:00,-0.003164480200075509
YOYOBTC,2019-12-06 13:47:40.726000+00:00,2019-12-06 20:30:21.294000+00:00,0.013479748108695677
YOYOBTC,2019-12-08 20:32:13.556000+00:00,2019-12-10 01:08:02.888000+00:00,0.008953010436041714
YOYOBTC,2019-12-10 01:21:57.076000+00:00,2019-12-10 01:31:55.212000+00:00,-0.0059084594298216
YOYOBTC,2019-12-10 03:30:04.808000+00:00,2020-01-10 08:00:24.098000+00:00,-0.0015671176314545898
